
INSERT [dbo].[Group] ([Id], [FullName], [ShortName], [Faculty], [Year]) VALUES (N'022483b5-32de-454b-a6c7-41c0b213e82f', N'Програмна інженерія 52', N'ПІ 52', N'FICT', 2015)
GO
INSERT [dbo].[Group] ([Id], [FullName], [ShortName], [Faculty], [Year]) VALUES (N'1cb8a5d5-e644-48f8-b8b6-ee0c3cf4700f', N'Комп''ютерна інженерія', N'КІ 1', N'FICT', 2015)
GO
INSERT [dbo].[Group] ([Id], [FullName], [ShortName], [Faculty], [Year]) VALUES (N'42548ebc-2407-484f-822e-9dc487f925f9', N'Програмна інженерія Комплекс', N'ПІК 13', N'FICT', 2015)
GO
INSERT [dbo].[Group] ([Id], [FullName], [ShortName], [Faculty], [Year]) VALUES (N'5de0fbe3-9301-465f-abe7-fa46042dbd55', N'Програмна інженерія 51', N'ПІ 51', N'FICT', 2015)
GO
INSERT [dbo].[Student] ([Id], [FirstName], [LastName], [GroupId], [Year]) VALUES (N'070843fa-7186-44b6-87c7-1f8d6c44f87a', N'Володимир', N'Янчук', N'5de0fbe3-9301-465f-abe7-fa46042dbd55', 2015)
GO
INSERT [dbo].[Student] ([Id], [FirstName], [LastName], [GroupId], [Year]) VALUES (N'075daf11-b8fb-4f9a-b3f5-2a29a56817c2', N'cgg', N'Ксенич', N'022483b5-32de-454b-a6c7-41c0b213e82f', 2015)
GO
INSERT [dbo].[Student] ([Id], [FirstName], [LastName], [GroupId], [Year]) VALUES (N'09e04669-671c-4a38-a9a5-fe77e2bb13e9', N'Іван', N'Сальний', N'42548ebc-2407-484f-822e-9dc487f925f9', 2015)
GO
INSERT [dbo].[Student] ([Id], [FirstName], [LastName], [GroupId], [Year]) VALUES (N'0c917932-28b6-45e0-87b9-e28b0120b696', N'Павло', N'Вакульчук', N'42548ebc-2407-484f-822e-9dc487f925f9', 2015)
GO
INSERT [dbo].[Student] ([Id], [FirstName], [LastName], [GroupId], [Year]) VALUES (N'0ed5c608-14f0-4fb0-b3e5-6932c951dd39', N'Іван', N'Сікун', N'42548ebc-2407-484f-822e-9dc487f925f9', 2015)
GO
INSERT [dbo].[Student] ([Id], [FirstName], [LastName], [GroupId], [Year]) VALUES (N'103797e1-4e7d-40d2-b866-dc52bf12d0dc', N'Андрій', N'Васильчук', N'1cb8a5d5-e644-48f8-b8b6-ee0c3cf4700f', 2015)
GO
INSERT [dbo].[Student] ([Id], [FirstName], [LastName], [GroupId], [Year]) VALUES (N'10439d9f-a6de-4c15-b21b-7642131af695', N'Вадим', N'Перегуда', N'42548ebc-2407-484f-822e-9dc487f925f9', 2015)
GO
INSERT [dbo].[Student] ([Id], [FirstName], [LastName], [GroupId], [Year]) VALUES (N'10ef7c20-e0e1-4766-84b5-c0dbdea01c1a', N'Павло', N'Вайдалаускас', N'022483b5-32de-454b-a6c7-41c0b213e82f', 2015)
GO
INSERT [dbo].[Student] ([Id], [FirstName], [LastName], [GroupId], [Year]) VALUES (N'111c351a-fdfb-438a-96a2-8bfd1ce7200c', N'Віталій', N'Білявський', N'1cb8a5d5-e644-48f8-b8b6-ee0c3cf4700f', 2015)
GO
INSERT [dbo].[Student] ([Id], [FirstName], [LastName], [GroupId], [Year]) VALUES (N'1819c721-a67d-422a-bd92-9f646feb95d6', N'Андрій', N'Захарченко', N'42548ebc-2407-484f-822e-9dc487f925f9', 2015)
GO
INSERT [dbo].[Student] ([Id], [FirstName], [LastName], [GroupId], [Year]) VALUES (N'18d2290e-ad93-43e4-bab3-01109a83b851', N'Олег', N'Кобизєв', N'022483b5-32de-454b-a6c7-41c0b213e82f', 2015)
GO
INSERT [dbo].[Student] ([Id], [FirstName], [LastName], [GroupId], [Year]) VALUES (N'19a213c4-0e91-42aa-a308-3caa2a609f60', N'Олександр', N'Антіпов', N'1cb8a5d5-e644-48f8-b8b6-ee0c3cf4700f', 2015)
GO
INSERT [dbo].[Student] ([Id], [FirstName], [LastName], [GroupId], [Year]) VALUES (N'1a3bfb1c-127b-4e6a-8949-bb50a82d2d12', N'Ю', N'Габаліс', N'42548ebc-2407-484f-822e-9dc487f925f9', 2015)
GO
INSERT [dbo].[Student] ([Id], [FirstName], [LastName], [GroupId], [Year]) VALUES (N'200f4fac-f242-4f9e-a947-263acdaca7c8', N'Марія', N'Гойхман', N'5de0fbe3-9301-465f-abe7-fa46042dbd55', 2015)
GO
INSERT [dbo].[Student] ([Id], [FirstName], [LastName], [GroupId], [Year]) VALUES (N'265bfe11-ff46-46a7-9a82-ed801b5bf370', N'Валерія', N'Стемповська', N'022483b5-32de-454b-a6c7-41c0b213e82f', 2015)
GO
INSERT [dbo].[Student] ([Id], [FirstName], [LastName], [GroupId], [Year]) VALUES (N'291dc110-9ccb-4042-a54c-7b33170bee9c', N'Владислав', N'Кравчук', N'022483b5-32de-454b-a6c7-41c0b213e82f', 2015)
GO
INSERT [dbo].[Student] ([Id], [FirstName], [LastName], [GroupId], [Year]) VALUES (N'297e2a3d-cc6a-497f-902e-20f45619bd65', N'Євгеній', N'Лісовий', N'022483b5-32de-454b-a6c7-41c0b213e82f', 2015)
GO
INSERT [dbo].[Student] ([Id], [FirstName], [LastName], [GroupId], [Year]) VALUES (N'2a1ef0e1-5397-4afd-9f51-dfba2acff9a5', N'Тетяна', N'Чернова', N'5de0fbe3-9301-465f-abe7-fa46042dbd55', 2015)
GO
INSERT [dbo].[Student] ([Id], [FirstName], [LastName], [GroupId], [Year]) VALUES (N'2acfaf88-a293-495d-bd3e-c23d00fca6d7', N'О', N'Випорхонюк', N'42548ebc-2407-484f-822e-9dc487f925f9', 2015)
GO
INSERT [dbo].[Student] ([Id], [FirstName], [LastName], [GroupId], [Year]) VALUES (N'2eb6e1eb-f7cf-49ae-b233-380b4817111c', N'Юрій', N'Смірнов', N'5de0fbe3-9301-465f-abe7-fa46042dbd55', 2015)
GO
INSERT [dbo].[Student] ([Id], [FirstName], [LastName], [GroupId], [Year]) VALUES (N'30b87fbb-1d37-47f5-9a5b-9bf2ad07fd89', N'Давид', N'Комаров', N'022483b5-32de-454b-a6c7-41c0b213e82f', 2015)
GO
INSERT [dbo].[Student] ([Id], [FirstName], [LastName], [GroupId], [Year]) VALUES (N'32b3c99f-9cdd-464f-b6af-91ec3c19be9f', N'Денис', N'Ярмоленко', N'022483b5-32de-454b-a6c7-41c0b213e82f', 2015)
GO
INSERT [dbo].[Student] ([Id], [FirstName], [LastName], [GroupId], [Year]) VALUES (N'35c5bffc-adae-4427-ae02-8e5510b19bdc', N'Денис', N'Трофименко', N'5de0fbe3-9301-465f-abe7-fa46042dbd55', 2015)
GO
INSERT [dbo].[Student] ([Id], [FirstName], [LastName], [GroupId], [Year]) VALUES (N'36c2184f-d8b0-4282-8a7b-dc4dfd8367eb', N'Андрій', N'Мамотенко', N'5de0fbe3-9301-465f-abe7-fa46042dbd55', 2015)
GO
INSERT [dbo].[Student] ([Id], [FirstName], [LastName], [GroupId], [Year]) VALUES (N'3b526554-d8f1-4c8b-8a1f-8057edcabd1c', N'А', N'Поляков', N'42548ebc-2407-484f-822e-9dc487f925f9', 2015)
GO
INSERT [dbo].[Student] ([Id], [FirstName], [LastName], [GroupId], [Year]) VALUES (N'3f25abb9-14c5-4a53-a6de-6b18fe741e43', N'Олександр', N'Котвицький', N'022483b5-32de-454b-a6c7-41c0b213e82f', 2015)
GO
INSERT [dbo].[Student] ([Id], [FirstName], [LastName], [GroupId], [Year]) VALUES (N'41efd5df-0ead-4123-b5c3-91c6df371f3b', N'Павло', N'Побережний', N'5de0fbe3-9301-465f-abe7-fa46042dbd55', 2015)
GO
INSERT [dbo].[Student] ([Id], [FirstName], [LastName], [GroupId], [Year]) VALUES (N'4237cfdc-4dbd-4828-afb8-03a0b0e4ea4b', N'Дмитро', N'Криворучик', N'1cb8a5d5-e644-48f8-b8b6-ee0c3cf4700f', 2015)
GO
INSERT [dbo].[Student] ([Id], [FirstName], [LastName], [GroupId], [Year]) VALUES (N'4350320d-c9b4-4b68-ab25-7fdb53659f67', N'Артур', N'Мельник', N'022483b5-32de-454b-a6c7-41c0b213e82f', 2015)
GO
INSERT [dbo].[Student] ([Id], [FirstName], [LastName], [GroupId], [Year]) VALUES (N'445b331b-c474-4833-8025-c70d397457a1', N'Дмитро', N'Гладишко', N'42548ebc-2407-484f-822e-9dc487f925f9', 2015)
GO
INSERT [dbo].[Student] ([Id], [FirstName], [LastName], [GroupId], [Year]) VALUES (N'479ab0bc-6ce2-45cf-8cbd-908e7928e375', N'Д', N'Макаров', N'42548ebc-2407-484f-822e-9dc487f925f9', 2015)
GO
INSERT [dbo].[Student] ([Id], [FirstName], [LastName], [GroupId], [Year]) VALUES (N'47d23df1-87df-48f6-a7b7-55b55a09a5d8', N'Андрій', N'Бондарчук', N'1cb8a5d5-e644-48f8-b8b6-ee0c3cf4700f', 2015)
GO
INSERT [dbo].[Student] ([Id], [FirstName], [LastName], [GroupId], [Year]) VALUES (N'4d1048df-7514-454c-8132-df3d1d330571', N'Андрій', N'Яценко', N'42548ebc-2407-484f-822e-9dc487f925f9', 2015)
GO
INSERT [dbo].[Student] ([Id], [FirstName], [LastName], [GroupId], [Year]) VALUES (N'4dfaeca1-ed28-4f7e-930f-d4faa9a58262', N'Ярослав', N'Васянін', N'1cb8a5d5-e644-48f8-b8b6-ee0c3cf4700f', 2015)
GO
INSERT [dbo].[Student] ([Id], [FirstName], [LastName], [GroupId], [Year]) VALUES (N'4feb2960-3bf1-4ff9-8b1b-1d270d79b095', N'Олександр', N'Заліщук', N'5de0fbe3-9301-465f-abe7-fa46042dbd55', 2015)
GO
INSERT [dbo].[Student] ([Id], [FirstName], [LastName], [GroupId], [Year]) VALUES (N'530e57bd-223c-48ff-aa60-ac54208c8810', N'Вадим', N'ПІ 52 Чумак', N'5de0fbe3-9301-465f-abe7-fa46042dbd55', 2015)
GO
INSERT [dbo].[Student] ([Id], [FirstName], [LastName], [GroupId], [Year]) VALUES (N'531c6561-4092-4641-928e-06e2e9afdd56', N'М', N'Юхимець', N'5de0fbe3-9301-465f-abe7-fa46042dbd55', 2015)
GO
INSERT [dbo].[Student] ([Id], [FirstName], [LastName], [GroupId], [Year]) VALUES (N'53c66c00-1f77-44fb-816d-97cfd4ad72c8', N'Таїса', N'Бойко', N'5de0fbe3-9301-465f-abe7-fa46042dbd55', 2015)
GO
INSERT dbo].[Student] ([Id], [FirstName], [LastName], [GroupId], [Year]) VALUES (N'552c4279-b317-4086-966e-ebc00d21ce1d', N'Б', N'Наумчук', N'022483b5-32de-454b-a6c7-41c0b213e82f', 2015)
GO
INSERT [dbo].[Student] ([Id], [FirstName], [LastName], [GroupId], [Year]) VALUES (N'5a9fa324-d21c-4683-8500-2cade928215f', N'О', N'Ліневич', N'1cb8a5d5-e644-48f8-b8b6-ee0c3cf4700f', 2015)
GO
INSERT [dbo].[Student] ([Id], [FirstName], [LastName], [GroupId], [Year]) VALUES (N'5f66e625-f405-4d61-b2e7-2614c87ce27c', N'Надія', N'Мельник', N'022483b5-32de-454b-a6c7-41c0b213e82f', 2015)
GO
INSERT [dbo].[Student] ([Id], [FirstName], [LastName], [GroupId], [Year]) VALUES (N'61b6687a-3c71-493f-ac9f-48899d44f87f', N'Олег', N'Підгаєцький', N'5de0fbe3-9301-465f-abe7-fa46042dbd55', 2015)
GO
INSERT [dbo].[Student] ([Id], [FirstName], [LastName], [GroupId], [Year]) VALUES (N'68618c02-76b9-474e-af4f-60f2906d47ad', N'Д', N'Саламатов', N'022483b5-32de-454b-a6c7-41c0b213e82f', 2015)
GO
INSERT [dbo].[Student] ([Id], [FirstName], [LastName], [GroupId], [Year]) VALUES (N'6c461831-c85b-4b3a-9e96-6d0eb22bf8ce', N'Андрій', N'Старіков', N'42548ebc-2407-484f-822e-9dc487f925f9', 2015)
GO
INSERT [dbo].[Student] ([Id], [FirstName], [LastName], [GroupId], [Year]) VALUES (N'6dd93e58-615a-4789-a639-36861a50b444', N'Аріна', N'Мірова', N'022483b5-32de-454b-a6c7-41c0b213e82f', 2015)
GO
INSERT [dbo].[Student] ([Id], [FirstName], [LastName], [GroupId], [Year]) VALUES (N'73110c8c-58b0-4f2c-b91b-fc5d08c43419', N'О', N'Зелінський', N'42548ebc-2407-484f-822e-9dc487f925f9', 2015)
GO
INSERT [dbo].[Student] ([Id], [FirstName], [LastName], [GroupId], [Year]) VALUES (N'76cc1340-4e46-41a6-8816-acab457ffc79', N'В', N'Ганнущенко', N'5de0fbe3-9301-465f-abe7-fa46042dbd55', 2015)
GO
INSERT [dbo].[Student] ([Id], [FirstName], [LastName], [GroupId], [Year]) VALUES (N'773761d2-a9eb-442c-9a3f-f3278b72ccda', N'Артем', N'Мосаковький', N'5de0fbe3-9301-465f-abe7-fa46042dbd55', 2015)
GO
INSERT [dbo].[Student] ([Id], [FirstName], [LastName], [GroupId], [Year]) VALUES (N'7954ff41-8fbe-4367-8975-002b4fb3787d', N'Ольга', N'Лоік', N'5de0fbe3-9301-465f-abe7-fa46042dbd55', 2015)
GO
INSERT [dbo].[Student] ([Id], [FirstName], [LastName], [GroupId], [Year]) VALUES (N'7b92b5fb-0fc7-486c-b7a6-9e475be031fe', N'Влад', N'Бєляк', N'5de0fbe3-9301-465f-abe7-fa46042dbd55', 2015)
GO
INSERT [dbo].[Student] ([Id], [FirstName], [LastName], [GroupId], [Year]) VALUES (N'7cc9a5f5-20e3-4117-b988-cb4f200f8235', N'Давид', N'ПІ 52 Комаров', N'5de0fbe3-9301-465f-abe7-fa46042dbd55', 2015)
GO
INSERT [dbo].[Student] ([Id], [FirstName], [LastName], [GroupId], [Year]) VALUES (N'7e420888-c0e4-4abe-a1fb-13502a127533', N'Сергій', N'Костюк', N'1cb8a5d5-e644-48f8-b8b6-ee0c3cf4700f', 2015)
GO
INSERT [dbo].[Student] ([Id], [FirstName], [LastName], [GroupId], [Year]) VALUES (N'80d1a17d-9460-487e-9edb-1230db1db639', N'Артем', N'Лавринчук', N'1cb8a5d5-e644-48f8-b8b6-ee0c3cf4700f', 2015)
GO
INSERT [dbo].[Student] ([Id], [FirstName], [LastName], [GroupId], [Year]) VALUES (N'86c6a1d3-ecb2-45dd-a92b-f3e9caf04844', N'Володимир', N'Фоменченко', N'5de0fbe3-9301-465f-abe7-fa46042dbd55', 2015)
GO
INSERT [dbo].[Student] ([Id], [FirstName], [LastName], [GroupId], [Year]) VALUES (N'8a00e966-62d0-49d0-9925-1a1d73645422', N'Є', N'Вітюк', N'42548ebc-2407-484f-822e-9dc487f925f9', 2015)
GO
INSERT [dbo].[Student] ([Id], [FirstName], [LastName], [GroupId], [Year]) VALUES (N'8b54c9d2-dacc-4024-a920-52418a7675c8', N'Віталій', N'Данилюк', N'5de0fbe3-9301-465f-abe7-fa46042dbd55', 2015)
GO
INSERT [dbo].[Student] ([Id], [FirstName], [LastName], [GroupId], [Year]) VALUES (N'8da14409-b911-4c41-9384-9126e18655c6', N'Антон', N'Кисельов', N'42548ebc-2407-484f-822e-9dc487f925f9', 2015)
GO
INSERT [dbo].[Student] ([Id], [FirstName], [LastName], [GroupId], [Year]) VALUES (N'95dba2b7-c906-4f34-adf2-0e4e1a6a3066', N'Лідія', N'Пушкар', N'022483b5-32de-454b-a6c7-41c0b213e82f', 2015)
GO
INSERT [dbo].[Student] ([Id], [FirstName], [LastName], [GroupId], [Year]) VALUES (N'9898d17b-5d49-4dd2-ae13-ef2e2bfb363b', N'Анастасія', N'Громова', N'022483b5-32de-454b-a6c7-41c0b213e82f', 2015)
GO
INSERT [dbo].[Student] ([Id], [FirstName], [LastName], [GroupId], [Year]) VALUES (N'a3f41b47-d6ac-4aec-90c2-5447287a77b7', N'О', N'Булах', N'42548ebc-2407-484f-822e-9dc487f925f9', 2015)
GO
INSERT [dbo].[Student] ([Id], [FirstName], [LastName], [GroupId], [Year]) VALUES (N'aa498cc1-d89b-49b7-a476-ba598cd8a932', N'Богдан', N'Герасимов', N'022483b5-32de-454b-a6c7-41c0b213e82f', 2015)
GO
INSERT [dbo].[Student] ([Id], [FirstName], [LastName], [GroupId], [Year]) VALUES (N'aafa86e8-3c91-411a-b208-8381025c09ee', N'О', N'Полторакін', N'42548ebc-2407-484f-822e-9dc487f925f9', 2015)
GO
INSERT [dbo].[Student] ([Id], [FirstName], [LastName], [GroupId], [Year]) VALUES (N'ac1776c9-b58d-4582-bb50-f9d585a324bd', N'Дмитро', N'Трохліб', N'022483b5-32de-454b-a6c7-41c0b213e82f', 2015)
GO
INSERT [dbo].[Student] ([Id], [FirstName], [LastName], [GroupId], [Year]) VALUES (N'b00c98c4-3848-4ad6-8ab4-7cd986d2412b', N'Андрій', N'Ланцевич', N'022483b5-32de-454b-a6c7-41c0b213e82f', 2015)
GO
INSERT [dbo].[Student] ([Id], [FirstName], [LastName], [GroupId], [Year]) VALUES (N'b3de4797-e8ab-426c-99c1-bb15fa9fe771', N'Микита', N'Волох', N'022483b5-32de-454b-a6c7-41c0b213e82f', 2015)
GO
INSERT [dbo].[Student] ([Id], [FirstName], [LastName], [GroupId], [Year]) VALUES (N'b97445ae-974d-4d5c-a33e-62337f5d75f6', N'Богдан', N'Скаковський', N'42548ebc-2407-484f-822e-9dc487f925f9', 2015)
GO
INSERT [dbo].[Student] ([Id], [FirstName], [LastName], [GroupId], [Year]) VALUES (N'ba16e195-f790-4199-9293-02de34d61e34', N'Юлія', N'Канкіна', N'1cb8a5d5-e644-48f8-b8b6-ee0c3cf4700f', 2015)
GO
INSERT [dbo].[Student] ([Id], [FirstName], [LastName], [GroupId], [Year]) VALUES (N'bb42b149-d137-4c9d-a643-71801f69b8be', N'Владислав', N'Корнєєв', N'42548ebc-2407-484f-822e-9dc487f925f9', 2015)
GO
INSERT [dbo].[Student] ([Id], [FirstName], [LastName], [GroupId], [Year]) VALUES (N'bfbf29df-df36-4673-886a-0f9256108c74', N'Андрій', N'Лозинський', N'5de0fbe3-9301-465f-abe7-fa46042dbd55', 2015)
GO
INSERT [dbo].[Student] ([Id], [FirstName], [LastName], [GroupId], [Year]) VALUES (N'c0511510-0231-4fdc-a93e-20f8c235698d', N'Кирило', N'Петрук', N'022483b5-32de-454b-a6c7-41c0b213e82f', 2015)
GO
INSERT [dbo].[Student] ([Id], [FirstName], [LastName], [GroupId], [Year]) VALUES (N'c426ef79-b083-4212-b957-e92529fae91e', N'Влад', N'Веніславський', N'42548ebc-2407-484f-822e-9dc487f925f9', 2015)
GO
INSERT [dbo].[Student] ([Id], [FirstName], [LastName], [GroupId], [Year]) VALUES (N'c632bf28-ac2c-422f-a0e3-c9e236214af6', N'Павло', N'Білошицький', N'5de0fbe3-9301-465f-abe7-fa46042dbd55', 2015)
GO
INSERT [dbo].[Student] ([Id], [FirstName], [LastName], [GroupId], [Year]) VALUES (N'cb2a4fdb-c2d9-4337-8ddd-b380b4fd7cc8', N'Влад', N'Шандренко', N'1cb8a5d5-e644-48f8-b8b6-ee0c3cf4700f', 2015)
GO
INSERT [dbo].[Student] ([Id], [FirstName], [LastName], [GroupId], [Year]) VALUES (N'cc375e8a-5e10-4a51-9e8a-9804465e3365', N'Артем', N'Таргонський', N'1cb8a5d5-e644-48f8-b8b6-ee0c3cf4700f', 2015)
GO
INSERT [dbo].[Student] ([Id], [FirstName], [LastName], [GroupId], [Year]) VALUES (N'cdb35245-f982-4ee3-8faa-46da0b72c1c7', N'Микола', N'Криволапчук', N'5de0fbe3-9301-465f-abe7-fa46042dbd55', 2015)
GO
INSERT [dbo].[Student] ([Id], [FirstName], [LastName], [GroupId], [Year]) VALUES (N'd269b289-95fc-4853-8711-fc5ebd7f989e', N'Олексій', N'Хропонюк', N'5de0fbe3-9301-465f-abe7-fa46042dbd55', 2015)
GO
INSERT [dbo].[Student] ([Id], [FirstName], [LastName], [GroupId], [Year]) VALUES (N'd46aaee3-3013-43e6-8165-75eb844dc407', N'Іван', N'Лежньов', N'5de0fbe3-9301-465f-abe7-fa46042dbd55', 2015)
GO
INSERT [dbo].[Student] ([Id], [FirstName], [LastName], [GroupId], [Year]) VALUES (N'd5dcaa3d-f0aa-40fa-a0ce-f77c113db2a9', N'Ярослав', N'Ячменьов', N'022483b5-32de-454b-a6c7-41c0b213e82f', 2015)
GO
INSERT [dbo].[Student] ([Id], [FirstName], [LastName], [GroupId], [Year]) VALUES (N'd91a39c9-66fc-48db-bfd7-9a39967c75aa', N'В', N'Коломійчук', N'42548ebc-2407-484f-822e-9dc487f925f9', 2015)
GO
INSERT [dbo].[Student] ([Id], [FirstName], [LastName], [GroupId], [Year]) VALUES (N'dba02883-3384-4918-8e65-7deaaf4b0936', N'Максим', N'Новік', N'022483b5-32de-454b-a6c7-41c0b213e82f', 2015)
GO
INSERT [dbo].[Student] ([Id], [FirstName], [LastName], [GroupId], [Year]) VALUES (N'dba6f478-fd68-4291-be0e-373c207a3492', N'Володимир', N'Пінязюк', N'42548ebc-2407-484f-822e-9dc487f925f9', 2015)
GO
INSERT [dbo].[Student] ([Id], [FirstName], [LastName], [GroupId], [Year]) VALUES (N'dbda5364-286b-4d97-b16a-680d3912021b', N'Владислав', N'Дідківський', N'5de0fbe3-9301-465f-abe7-fa46042dbd55', 2015)
GO
INSERT [dbo].[Student] ([Id], [FirstName], [LastName], [GroupId], [Year]) VALUES (N'dcfd3691-b94d-4f02-b1b4-353ea69d85bd', N'А', N'Лошковецька', N'5de0fbe3-9301-465f-abe7-fa46042dbd55', 2015)
GO
INSERT [dbo].[Student] ([Id], [FirstName], [LastName], [GroupId], [Year]) VALUES (N'dd6b810d-8baa-4326-a1d9-237aa90d56bd', N'Віктор', N'Супрун', N'42548ebc-2407-484f-822e-9dc487f925f9', 2015)
GO
INSERT [dbo].[Student] ([Id], [FirstName], [LastName], [GroupId], [Year]) VALUES (N'e062abee-d99b-432b-b776-444a6240f4c1', N'Максим', N'Дубінін', N'022483b5-32de-454b-a6c7-41c0b213e82f', 2015)
GO
INSERT [dbo].[Student] ([Id], [FirstName], [LastName], [GroupId], [Year]) VALUES (N'e19319d9-4908-419e-ae05-6f09115dfa8a', N'Максим', N'Васильчук', N'5de0fbe3-9301-465f-abe7-fa46042dbd55', 2015)
GO
INSERT [dbo].[Student] ([Id], [FirstName], [LastName], [GroupId], [Year]) VALUES (N'e409e48d-fa17-4b14-b476-f3d986c29686', N'Юрій', N'Бондарчук', N'022483b5-32de-454b-a6c7-41c0b213e82f', 2015)
GO
INSERT [dbo].[Student] ([Id], [FirstName], [LastName], [GroupId], [Year]) VALUES (N'e51d3ebd-b0ed-4e1f-8f66-5895b45446a9', N'Максим', N'Батор', N'42548ebc-2407-484f-822e-9dc487f925f9', 2015)
GO
INSERT [dbo].[Student] ([Id], [FirstName], [LastName], [GroupId], [Year]) VALUES (N'e5bafe92-48ac-415d-8a13-eb40b1e9a7c7', N'Вадим', N'Чумак', N'022483b5-32de-454b-a6c7-41c0b213e82f', 2015)
GO
INSERT [dbo].[Student] ([Id], [FirstName], [LastName], [GroupId], [Year]) VALUES (N'e623324f-55cf-4313-917a-405c27d6eeec', N'Владислав', N'Оніщенко', N'5de0fbe3-9301-465f-abe7-fa46042dbd55', 2015)
GO
INSERT [dbo].[Student] ([Id], [FirstName], [LastName], [GroupId], [Year]) VALUES (N'e7d1def8-5f3f-4bfa-b961-cd57b4e24e03', N'Ярослав', N'Жмуцький', N'5de0fbe3-9301-465f-abe7-fa46042dbd55', 2015)
GO
INSERT [dbo].[Student] ([Id], [FirstName], [LastName], [GroupId], [Year]) VALUES (N'ec8853e4-f6a4-45c4-98c5-4479e07e536b', N'Надія', N'ПІ 52 Мельник', N'5de0fbe3-9301-465f-abe7-fa46042dbd55', 2015)
GO
INSERT [dbo].[Student] ([Id], [FirstName], [LastName], [GroupId], [Year]) VALUES (N'f400bc35-e6b7-4b4f-a2d2-a5fe266f5244', N'Андрій', N'Кирей', N'42548ebc-2407-484f-822e-9dc487f925f9', 2015)
GO
INSERT [dbo].[Student] ([Id], [FirstName], [LastName], [GroupId], [Year]) VALUES (N'f60dc6e0-3ea0-44c4-9e44-f386f6685026', N'Дар''я', N'Нагорна', N'022483b5-32de-454b-a6c7-41c0b213e82f', 2015)
GO
INSERT [dbo].[Student] ([Id], [FirstName], [LastName], [GroupId], [Year]) VALUES (N'f6d02e73-9302-4cb2-915e-be5d6d40c63c', N'Михайло', N'Таргонський', N'42548ebc-2407-484f-822e-9dc487f925f9', 2015)
GO
INSERT [dbo].[Student] ([Id], [FirstName], [LastName], [GroupId], [Year]) VALUES (N'fcd042ad-4725-454b-829c-8fa902716867', N'Олександр', N'Візгалов', N'5de0fbe3-9301-465f-abe7-fa46042dbd55', 2015)
GO
INSERT [dbo].[Student] ([Id], [FirstName], [LastName], [GroupId], [Year]) VALUES (N'fd1764ba-bec8-4390-83f8-45dd0181fef7', N'Денис', N'Слєпньов', N'022483b5-32de-454b-a6c7-41c0b213e82f', 2015)
GO
INSERT [dbo].[Student] ([Id], [FirstName], [LastName], [GroupId], [Year]) VALUES (N'ff07e6fa-293e-4867-b6cd-05d5b2c012d6', N'Дина', N'Вакулюк', N'1cb8a5d5-e644-48f8-b8b6-ee0c3cf4700f', 2015)
GO
INSERT [dbo].[Mark] ([Id], [StudentId], [CategoryId], [Value]) VALUES (N'000495a8-14de-46b3-bd15-85c4b490cd52', N'1a3bfb1c-127b-4e6a-8949-bb50a82d2d12', N'ab014eb1-881d-4d7e-acbe-ac3fa710260b', 5)
GO
INSERT [dbo].[Mark] ([Id], [StudentId], [CategoryId], [Value]) VALUES (N'01936577-ff48-4cfc-9f0a-069e05dcf565', N'86c6a1d3-ecb2-45dd-a92b-f3e9caf04844', N'aaa7c15c-47ad-4ddc-8c03-a8f18f7b481c', 37)
GO
INSERT [dbo].[Mark] ([Id], [StudentId], [CategoryId], [Value]) VALUES (N'01decbda-5f99-45b0-9b84-87136a9ce341', N'103797e1-4e7d-40d2-b866-dc52bf12d0dc', N'028ac41d-ce0b-49e3-8ec7-3cd016e8f14b', 32)
GO
INSERT [dbo].[Mark] ([Id], [StudentId], [CategoryId], [Value]) VALUES (N'02e391e2-040e-4de1-96e5-15006c998564', N'111c351a-fdfb-438a-96a2-8bfd1ce7200c', N'028ac41d-ce0b-49e3-8ec7-3cd016e8f14b', 31)
GO
INSERT [dbo].[Mark] ([Id], [StudentId], [CategoryId], [Value]) VALUES (N'037a7655-3163-465d-808d-0547cd4e2c6e', N'73110c8c-58b0-4f2c-b91b-fc5d08c43419', N'aaa7c15c-47ad-4ddc-8c03-a8f18f7b481c', 20)
GO
INSERT [dbo].[Mark] ([Id], [StudentId], [CategoryId], [Value]) VALUES (N'03d308e5-feb6-48ba-aca6-93a67afda9c6', N'dd6b810d-8baa-4326-a1d9-237aa90d56bd', N'ab014eb1-881d-4d7e-acbe-ac3fa710260b', 13)
GO
INSERT [dbo].[Mark] ([Id], [StudentId], [CategoryId], [Value]) VALUES (N'03e6586d-f580-40da-b74e-c28205af0b3e', N'dcfd3691-b94d-4f02-b1b4-353ea69d85bd', N'028ac41d-ce0b-49e3-8ec7-3cd016e8f14b', 31)
GO
INSERT [dbo].[Mark] ([Id], [StudentId], [CategoryId], [Value]) VALUES (N'03f7d718-570f-477c-bbf0-5020c31e4105', N'f60dc6e0-3ea0-44c4-9e44-f386f6685026', N'ab014eb1-881d-4d7e-acbe-ac3fa710260b', 18)
GO
INSERT [dbo].[Mark] ([Id], [StudentId], [CategoryId], [Value]) VALUES (N'042664a7-57eb-4ffb-b721-3afd59f7164d', N'e062abee-d99b-432b-b776-444a6240f4c1', N'aaa7c15c-47ad-4ddc-8c03-a8f18f7b481c', 32)
GO
INSERT [dbo].[Mark] ([Id], [StudentId], [CategoryId], [Value]) VALUES (N'042d416a-ea47-4ad5-9606-91f4a0783bb9', N'531c6561-4092-4641-928e-06e2e9afdd56', N'028ac41d-ce0b-49e3-8ec7-3cd016e8f14b', 37)
GO
INSERT [dbo].[Mark] ([Id], [StudentId], [CategoryId], [Value]) VALUES (N'04c25b9e-f264-4884-a40c-5e1ac37e1507', N'ff07e6fa-293e-4867-b6cd-05d5b2c012d6', N'aaa7c15c-47ad-4ddc-8c03-a8f18f7b481c', 36)
GO
INSERT [dbo].[Mark] ([Id], [StudentId], [CategoryId], [Value]) VALUES (N'05012af7-bffc-4fc3-9e1f-7266426c479d', N'd5dcaa3d-f0aa-40fa-a0ce-f77c113db2a9', N'028ac41d-ce0b-49e3-8ec7-3cd016e8f14b', 32)
GO
INSERT [dbo].[Mark] ([Id], [StudentId], [CategoryId], [Value]) VALUES (N'0510c28c-0b82-4788-850d-cefd8e1ed513', N'd5dcaa3d-f0aa-40fa-a0ce-f77c113db2a9', N'ab014eb1-881d-4d7e-acbe-ac3fa710260b', 31)
GO
INSERT [dbo].[Mark] ([Id], [StudentId], [CategoryId], [Value]) VALUES (N'0540d6f6-cf6d-4440-ab79-091ce79d9225', N'fd1764ba-bec8-4390-83f8-45dd0181fef7', N'028ac41d-ce0b-49e3-8ec7-3cd016e8f14b', 29)
GO
INSERT [dbo].[Mark] ([Id], [StudentId], [CategoryId], [Value]) VALUES (N'05fa6e28-a88f-4708-8ee2-4bf77af1065b', N'fd1764ba-bec8-4390-83f8-45dd0181fef7', N'ab014eb1-881d-4d7e-acbe-ac3fa710260b', 34)
GO
INSERT [dbo].[Mark] ([Id], [StudentId], [CategoryId], [Value]) VALUES (N'075735c5-df37-468c-a4ba-c4507e1f034f', N'd91a39c9-66fc-48db-bfd7-9a39967c75aa', N'028ac41d-ce0b-49e3-8ec7-3cd016e8f14b', 33)
GO
INSERT [dbo].[Mark] ([Id], [StudentId], [CategoryId], [Value]) VALUES (N'0783b31c-a7a8-4d82-b05d-e1e2fd70e4b3', N'200f4fac-f242-4f9e-a947-263acdaca7c8', N'028ac41d-ce0b-49e3-8ec7-3cd016e8f14b', 32)
GO
INSERT [dbo].[Mark] ([Id], [StudentId], [CategoryId], [Value]) VALUES (N'07b3b259-51ff-4619-bc30-12a70e28b4f3', N'4dfaeca1-ed28-4f7e-930f-d4faa9a58262', N'028ac41d-ce0b-49e3-8ec7-3cd016e8f14b', 36)
GO
INSERT [dbo].[Mark] ([Id], [StudentId], [CategoryId], [Value]) VALUES (N'08561c34-1c65-4d5b-bb0a-d9cf40e7daf0', N'530e57bd-223c-48ff-aa60-ac54208c8810', N'028ac41d-ce0b-49e3-8ec7-3cd016e8f14b', 28)
GO
INSERT [dbo].[Mark] ([Id], [StudentId], [CategoryId], [Value]) VALUES (N'08830b4e-8be2-4c31-8d34-c95090e749ab', N'd91a39c9-66fc-48db-bfd7-9a39967c75aa', N'15082a29-69ac-46f0-a81c-0db95ae639bc', 29)
GO
INSERT [dbo].[Mark] ([Id], [StudentId], [CategoryId], [Value]) VALUES (N'0949148f-adef-41f9-94bd-29d4cb6d8732', N'8b54c9d2-dacc-4024-a920-52418a7675c8', N'aaa7c15c-47ad-4ddc-8c03-a8f18f7b481c', 40)
GO
INSERT [dbo].[Mark] ([Id], [StudentId], [CategoryId], [Value]) VALUES (N'094b0857-806f-4ef7-bb64-b679ddaa2a59', N'dba6f478-fd68-4291-be0e-373c207a3492', N'028ac41d-ce0b-49e3-8ec7-3cd016e8f14b', 32)
GO
INSERT [dbo].[Mark] ([Id], [StudentId], [CategoryId], [Value]) VALUES (N'097ad8a5-2be6-46f1-9726-bc2ff82eb530', N'6dd93e58-615a-4789-a639-36861a50b444', N'15082a29-69ac-46f0-a81c-0db95ae639bc', 38)
GO
INSERT [dbo].[Mark] ([Id], [StudentId], [CategoryId], [Value]) VALUES (N'09cd7e22-65a6-41a5-89a7-b491a745c1c8', N'c0511510-0231-4fdc-a93e-20f8c235698d', N'165c96f1-5774-41d7-9a6d-754dddabe051', 31)
GO
INSERT [dbo].[Mark] ([Id], [StudentId], [CategoryId], [Value]) VALUES (N'09f4c9ac-a644-49fe-85ee-ef4823b5b7a6', N'297e2a3d-cc6a-497f-902e-20f45619bd65', N'165c96f1-5774-41d7-9a6d-754dddabe051', 23)
GO
INSERT [dbo].[Mark] ([Id], [StudentId], [CategoryId], [Value]) VALUES (N'0ab47113-098a-4bda-b868-910595d17755', N'3f25abb9-14c5-4a53-a6de-6b18fe741e43', N'165c96f1-5774-41d7-9a6d-754dddabe051', 34)
GO
INSERT [dbo].[Mark] ([Id], [StudentId], [CategoryId], [Value]) VALUES (N'0b94d840-51d7-43fa-9e1e-c1d398633cd7', N'f400bc35-e6b7-4b4f-a2d2-a5fe266f5244', N'028ac41d-ce0b-49e3-8ec7-3cd016e8f14b', 23)
GO
INSERT [dbo].[Mark] ([Id], [StudentId], [CategoryId], [Value]) VALUES (N'0b9f47ed-0c80-4d1f-9fd0-7ce0babc7fba', N'47d23df1-87df-48f6-a7b7-55b55a09a5d8', N'15082a29-69ac-46f0-a81c-0db95ae639bc', 28)
GO
INSERT [dbo].[Mark] ([Id], [StudentId], [CategoryId], [Value]) VALUES (N'0d155e10-5174-4799-9760-626a2719e730', N'111c351a-fdfb-438a-96a2-8bfd1ce7200c', N'ab014eb1-881d-4d7e-acbe-ac3fa710260b', 18)
GO
INSERT [dbo].[Mark] ([Id], [StudentId], [CategoryId], [Value]) VALUES (N'0d17a52b-f87a-4421-a712-696a991a80df', N'e062abee-d99b-432b-b776-444a6240f4c1', N'028ac41d-ce0b-49e3-8ec7-3cd016e8f14b', 25)
GO
INSERT [dbo].[Mark] ([Id], [StudentId], [CategoryId], [Value]) VALUES (N'0d888e94-2a05-424f-b71d-85b8a6341891', N'cb2a4fdb-c2d9-4337-8ddd-b380b4fd7cc8', N'aaa7c15c-47ad-4ddc-8c03-a8f18f7b481c', 31)
GO
INSERT [dbo].[Mark] ([Id], [StudentId], [CategoryId], [Value]) VALUES (N'0de3afbb-959c-4b3e-bee7-f97b3d9a2c99', N'61b6687a-3c71-493f-ac9f-48899d44f87f', N'15082a29-69ac-46f0-a81c-0db95ae639bc', 33)
GO
INSERT [dbo].[Mark] ([Id], [StudentId], [CategoryId], [Value]) VALUES (N'0e5e7ce6-10cc-4833-9b45-b30728fc89e0', N'7e420888-c0e4-4abe-a1fb-13502a127533', N'ab014eb1-881d-4d7e-acbe-ac3fa710260b', 33)
GO
INSERT [dbo].[Mark] ([Id], [StudentId], [CategoryId], [Value]) VALUES (N'0f3ef546-b672-439f-8766-2dafa65fe83c', N'075daf11-b8fb-4f9a-b3f5-2a29a56817c2', N'165c96f1-5774-41d7-9a6d-754dddabe051', 24)
GO
INSERT [dbo].[Mark] ([Id], [StudentId], [CategoryId], [Value]) VALUES (N'0f513395-766e-4b5f-827f-83ff8ee211a3', N'552c4279-b317-4086-966e-ebc00d21ce1d', N'ab014eb1-881d-4d7e-acbe-ac3fa710260b', 24)
GO
INSERT [dbo].[Mark] ([Id], [StudentId], [CategoryId], [Value]) VALUES (N'0f90b53b-6555-46af-a399-20109a91e1af', N'1a3bfb1c-127b-4e6a-8949-bb50a82d2d12', N'aaa7c15c-47ad-4ddc-8c03-a8f18f7b481c', 8)
GO
INSERT [dbo].[Mark] ([Id], [StudentId], [CategoryId], [Value]) VALUES (N'0fbd3c41-4055-4474-b89d-eb5e88a9d5f8', N'd269b289-95fc-4853-8711-fc5ebd7f989e', N'aaa7c15c-47ad-4ddc-8c03-a8f18f7b481c', 39)
GO
INSERT [dbo].[Mark] ([Id], [StudentId], [CategoryId], [Value]) VALUES (N'109c8fac-3005-402c-bb37-2452bebe1a61', N'7954ff41-8fbe-4367-8975-002b4fb3787d', N'ab014eb1-881d-4d7e-acbe-ac3fa710260b', 28)
GO
INSERT [dbo].[Mark] ([Id], [StudentId], [CategoryId], [Value]) VALUES (N'10b3cd2b-44bc-4a1d-94f9-5c6eb7f1e328', N'aa498cc1-d89b-49b7-a476-ba598cd8a932', N'aaa7c15c-47ad-4ddc-8c03-a8f18f7b481c', 33)
GO
INSERT [dbo].[Mark] ([Id], [StudentId], [CategoryId], [Value]) VALUES (N'10c7296c-2c30-443b-a606-3d8f24ff81b9', N'5f66e625-f405-4d61-b2e7-2614c87ce27c', N'bd122217-a9c7-4804-af96-9f588c196acb', 32)
GO
INSERT [dbo].[Mark] ([Id], [StudentId], [CategoryId], [Value]) VALUES (N'10cc3c2d-1a6f-4103-86aa-50f58da44c51', N'e51d3ebd-b0ed-4e1f-8f66-5895b45446a9', N'165c96f1-5774-41d7-9a6d-754dddabe051', 29)
GO
INSERT [dbo].[Mark] ([Id], [StudentId], [CategoryId], [Value]) VALUES (N'10ed77ce-c9c7-446f-84ec-37b290928f88', N'dba6f478-fd68-4291-be0e-373c207a3492', N'165c96f1-5774-41d7-9a6d-754dddabe051', 21)
GO
INSERT [dbo].[Mark] ([Id], [StudentId], [CategoryId], [Value]) VALUES (N'114ca45b-c5a4-44be-83d2-f375f0609bd0', N'773761d2-a9eb-442c-9a3f-f3278b72ccda', N'bd122217-a9c7-4804-af96-9f588c196acb', 34)
GO
INSERT [dbo].[Mark] ([Id], [StudentId], [CategoryId], [Value]) VALUES (N'11bc2336-d862-4a01-b6db-a04112139064', N'0ed5c608-14f0-4fb0-b3e5-6932c951dd39', N'bd122217-a9c7-4804-af96-9f588c196acb', 37)
GO
INSERT [dbo].[Mark] ([Id], [StudentId], [CategoryId], [Value]) VALUES (N'11f48999-6af2-4eb0-b9cd-1b92da30cd61', N'c632bf28-ac2c-422f-a0e3-c9e236214af6', N'028ac41d-ce0b-49e3-8ec7-3cd016e8f14b', 34)
GO
INSERT [dbo].[Mark] ([Id], [StudentId], [CategoryId], [Value]) VALUES (N'1229864f-5e65-4121-84eb-f6b9941a54b7', N'4feb2960-3bf1-4ff9-8b1b-1d270d79b095', N'bd122217-a9c7-4804-af96-9f588c196acb', 34)
GO
INSERT [dbo].[Mark] ([Id], [StudentId], [CategoryId], [Value]) VALUES (N'12709035-c60b-40fa-836a-441723ae5c74', N'0c917932-28b6-45e0-87b9-e28b0120b696', N'ab014eb1-881d-4d7e-acbe-ac3fa710260b', 25)
GO
INSERT [dbo].[Mark] ([Id], [StudentId], [CategoryId], [Value]) VALUES (N'12e12726-7dd4-4aa3-bf0c-00d7d2b91425', N'b97445ae-974d-4d5c-a33e-62337f5d75f6', N'028ac41d-ce0b-49e3-8ec7-3cd016e8f14b', 26)
GO
INSERT [dbo].[Mark] ([Id], [StudentId], [CategoryId], [Value]) VALUES (N'13067206-7a4a-42e9-bf5d-aec1450e551c', N'10439d9f-a6de-4c15-b21b-7642131af695', N'165c96f1-5774-41d7-9a6d-754dddabe051', 25)
GO
INSERT [dbo].[Mark] ([Id], [StudentId], [CategoryId], [Value]) VALUES (N'1318f618-906f-4aae-bd67-85ddf24424fa', N'aafa86e8-3c91-411a-b208-8381025c09ee', N'bd122217-a9c7-4804-af96-9f588c196acb', 31)
GO
INSERT [dbo].[Mark] ([Id], [StudentId], [CategoryId], [Value]) VALUES (N'13709c0e-15fc-434f-a5b8-13e6211a70d7', N'e623324f-55cf-4313-917a-405c27d6eeec', N'15082a29-69ac-46f0-a81c-0db95ae639bc', 30)
GO
INSERT [dbo].[Mark] ([Id], [StudentId], [CategoryId], [Value]) VALUES (N'1398bad1-75c9-498a-9497-7dd913edc16b', N'dd6b810d-8baa-4326-a1d9-237aa90d56bd', N'bd122217-a9c7-4804-af96-9f588c196acb', 20)
GO
INSERT [dbo].[Mark] ([Id], [StudentId], [CategoryId], [Value]) VALUES (N'1427e04a-dfbb-43a9-9cf3-5ed14d9a3961', N'7e420888-c0e4-4abe-a1fb-13502a127533', N'aaa7c15c-47ad-4ddc-8c03-a8f18f7b481c', 40)
GO
INSERT [dbo].[Mark] ([Id], [StudentId], [CategoryId], [Value]) VALUES (N'14a521ed-5c9d-4c9f-a3b5-11e127f3cd90', N'35c5bffc-adae-4427-ae02-8e5510b19bdc', N'aaa7c15c-47ad-4ddc-8c03-a8f18f7b481c', 37)
GO
INSERT [dbo].[Mark] ([Id], [StudentId], [CategoryId], [Value]) VALUES (N'15138eb3-62c3-43ed-8731-ac84a51cb939', N'7954ff41-8fbe-4367-8975-002b4fb3787d', N'aaa7c15c-47ad-4ddc-8c03-a8f18f7b481c', 35)
GO
INSERT [dbo].[Mark] ([Id], [StudentId], [CategoryId], [Value]) VALUES (N'15f369a0-7483-421f-92e6-09a04fe5f437', N'e5bafe92-48ac-415d-8a13-eb40b1e9a7c7', N'bd122217-a9c7-4804-af96-9f588c196acb', 34)
GO
INSERT [dbo].[Mark] ([Id], [StudentId], [CategoryId], [Value]) VALUES (N'16259f71-98ba-4a5e-a5c8-41bc014f5190', N'7cc9a5f5-20e3-4117-b988-cb4f200f8235', N'028ac41d-ce0b-49e3-8ec7-3cd016e8f14b', 33)
GO
INSERT [dbo].[Mark] ([Id], [StudentId], [CategoryId], [Value]) VALUES (N'162e3a11-e41f-4d54-b2d0-f5d2a67e4072', N'ec8853e4-f6a4-45c4-98c5-4479e07e536b', N'028ac41d-ce0b-49e3-8ec7-3cd016e8f14b', 31)
GO
INSERT [dbo].[Mark] ([Id], [StudentId], [CategoryId], [Value]) VALUES (N'16a8ed3c-e716-4bcb-9d4d-eef57e9b85f1', N'a3f41b47-d6ac-4aec-90c2-5447287a77b7', N'028ac41d-ce0b-49e3-8ec7-3cd016e8f14b', 32)
GO
INSERT [dbo].[Mark] ([Id], [StudentId], [CategoryId], [Value]) VALUES (N'16e80c33-1681-4b56-b9dd-2cfeb341fdab', N'2a1ef0e1-5397-4afd-9f51-dfba2acff9a5', N'ab014eb1-881d-4d7e-acbe-ac3fa710260b', 34)
GO
INSERT [dbo].[Mark] ([Id], [StudentId], [CategoryId], [Value]) VALUES (N'16f41c0c-ab80-47b9-80f6-3f94649328a1', N'7cc9a5f5-20e3-4117-b988-cb4f200f8235', N'ab014eb1-881d-4d7e-acbe-ac3fa710260b', 26)
GO
INSERT [dbo].[Mark] ([Id], [StudentId], [CategoryId], [Value]) VALUES (N'17ffc5bd-9e94-4bf4-909c-5d788615fb54', N'dba02883-3384-4918-8e65-7deaaf4b0936', N'165c96f1-5774-41d7-9a6d-754dddabe051', 26)
GO
INSERT [dbo].[Mark] ([Id], [StudentId], [CategoryId], [Value]) VALUES (N'1878a852-430c-467d-94f8-d2bdbf9a6aed', N'e19319d9-4908-419e-ae05-6f09115dfa8a', N'ab014eb1-881d-4d7e-acbe-ac3fa710260b', 37)
GO
INSERT [dbo].[Mark] ([Id], [StudentId], [CategoryId], [Value]) VALUES (N'190eb185-2718-492e-8808-ce1b85e2f5b4', N'76cc1340-4e46-41a6-8816-acab457ffc79', N'bd122217-a9c7-4804-af96-9f588c196acb', 34)
GO
INSERT [dbo].[Mark] ([Id], [StudentId], [CategoryId], [Value]) VALUES (N'192c0369-2b0c-4eed-a6af-6405f9fb2e04', N'09e04669-671c-4a38-a9a5-fe77e2bb13e9', N'028ac41d-ce0b-49e3-8ec7-3cd016e8f14b', 26)
GO
INSERT [dbo].[Mark] ([Id], [StudentId], [CategoryId], [Value]) VALUES (N'194f0ce9-a570-42fa-af11-d5fcc1a30ee2', N'e51d3ebd-b0ed-4e1f-8f66-5895b45446a9', N'15082a29-69ac-46f0-a81c-0db95ae639bc', 25)
GO
INSERT [dbo].[Mark] ([Id], [StudentId], [CategoryId], [Value]) VALUES (N'195983df-f13f-4798-9aec-cc81bae0f009', N'ba16e195-f790-4199-9293-02de34d61e34', N'165c96f1-5774-41d7-9a6d-754dddabe051', 37)
GO
INSERT [dbo].[Mark] ([Id], [StudentId], [CategoryId], [Value]) VALUES (N'19601b41-0e4a-4c1f-b548-135afea3d8e0', N'c632bf28-ac2c-422f-a0e3-c9e236214af6', N'165c96f1-5774-41d7-9a6d-754dddabe051', 27)
GO
INSERT [dbo].[Mark] ([Id], [StudentId], [CategoryId], [Value]) VALUES (N'197c993e-cb0c-4fc0-98ec-8f6c54ff5028', N'e623324f-55cf-4313-917a-405c27d6eeec', N'ab014eb1-881d-4d7e-acbe-ac3fa710260b', 26)
GO
INSERT [dbo].[Mark] ([Id], [StudentId], [CategoryId], [Value]) VALUES (N'198a741f-a441-4465-a70b-d7c91ddbb474', N'cdb35245-f982-4ee3-8faa-46da0b72c1c7', N'aaa7c15c-47ad-4ddc-8c03-a8f18f7b481c', 36)
GO
INSERT [dbo].[Mark] ([Id], [StudentId], [CategoryId], [Value]) VALUES (N'19b4c5ca-2bd3-4096-8597-2bb59951f1a3', N'c0511510-0231-4fdc-a93e-20f8c235698d', N'aaa7c15c-47ad-4ddc-8c03-a8f18f7b481c', 38)
GO
INSERT [dbo].[Mark] ([Id], [StudentId], [CategoryId], [Value]) VALUES (N'1a12cd30-3df1-4b92-8f7c-ca40b0e6bfb7', N'e19319d9-4908-419e-ae05-6f09115dfa8a', N'15082a29-69ac-46f0-a81c-0db95ae639bc', 34)
GO
INSERT [dbo].[Mark] ([Id], [StudentId], [CategoryId], [Value]) VALUES (N'1a29901f-a2d7-4637-a5fc-994b2ca1508c', N'09e04669-671c-4a38-a9a5-fe77e2bb13e9', N'165c96f1-5774-41d7-9a6d-754dddabe051', 22)
GO
INSERT [dbo].[Mark] ([Id], [StudentId], [CategoryId], [Value]) VALUES (N'1ab14cac-0baa-45b6-8d40-8edaa746e35c', N'09e04669-671c-4a38-a9a5-fe77e2bb13e9', N'15082a29-69ac-46f0-a81c-0db95ae639bc', 28)
GO
INSERT [dbo].[Mark] ([Id], [StudentId], [CategoryId], [Value]) VALUES (N'1b586f6c-d27d-4d94-8d0a-70672eeb770b', N'4dfaeca1-ed28-4f7e-930f-d4faa9a58262', N'aaa7c15c-47ad-4ddc-8c03-a8f18f7b481c', 40)
GO
INSERT [dbo].[Mark] ([Id], [StudentId], [CategoryId], [Value]) VALUES (N'1b70243e-2dc2-4a20-9104-dcccf526b222', N'531c6561-4092-4641-928e-06e2e9afdd56', N'bd122217-a9c7-4804-af96-9f588c196acb', 37)
GO
INSERT [dbo].[Mark] ([Id], [StudentId], [CategoryId], [Value]) VALUES (N'1c057ff4-5688-423d-9141-85a4500f85fa', N'e5bafe92-48ac-415d-8a13-eb40b1e9a7c7', N'15082a29-69ac-46f0-a81c-0db95ae639bc', 28)
GO
INSERT [dbo].[Mark] ([Id], [StudentId], [CategoryId], [Value]) VALUES (N'1c4c798a-2c94-4f70-8733-4f3ef833b5cc', N'bfbf29df-df36-4673-886a-0f9256108c74', N'165c96f1-5774-41d7-9a6d-754dddabe051', 26)
GO
INSERT [dbo].[Mark] ([Id], [StudentId], [CategoryId], [Value]) VALUES (N'1c70d587-5f11-4b4f-a7a0-4930829bbace', N'e062abee-d99b-432b-b776-444a6240f4c1', N'bd122217-a9c7-4804-af96-9f588c196acb', 28)
GO
INSERT [dbo].[Mark] ([Id], [StudentId], [CategoryId], [Value]) VALUES (N'1c7ce9d7-5d29-4e93-a284-0c9b92e2ffa0', N'd46aaee3-3013-43e6-8165-75eb844dc407', N'aaa7c15c-47ad-4ddc-8c03-a8f18f7b481c', 27)
GO
INSERT [dbo].[Mark] ([Id], [StudentId], [CategoryId], [Value]) VALUES (N'1cb3eacd-de42-4c87-97c2-11dd12180daa', N'f400bc35-e6b7-4b4f-a2d2-a5fe266f5244', N'bd122217-a9c7-4804-af96-9f588c196acb', 32)
GO
INSERT [dbo].[Mark] ([Id], [StudentId], [CategoryId], [Value]) VALUES (N'1dd7383e-1b92-48ae-bf29-fedb74254d75', N'53c66c00-1f77-44fb-816d-97cfd4ad72c8', N'15082a29-69ac-46f0-a81c-0db95ae639bc', 37)
GO
INSERT [dbo].[Mark] ([Id], [StudentId], [CategoryId], [Value]) VALUES (N'1e4635a2-c2ce-4b14-a62c-771b66cefadc', N'bfbf29df-df36-4673-886a-0f9256108c74', N'15082a29-69ac-46f0-a81c-0db95ae639bc', 28)
GO
INSERT [dbo].[Mark] ([Id], [StudentId], [CategoryId], [Value]) VALUES (N'1e64b017-353a-41f3-bfdc-08fbc48484d7', N'103797e1-4e7d-40d2-b866-dc52bf12d0dc', N'15082a29-69ac-46f0-a81c-0db95ae639bc', 33)
GO
INSERT [dbo].[Mark] ([Id], [StudentId], [CategoryId], [Value]) VALUES (N'1e64e029-d094-44c8-9bfb-1934ea627c7c', N'19a213c4-0e91-42aa-a308-3caa2a609f60', N'028ac41d-ce0b-49e3-8ec7-3cd016e8f14b', 27)
GO
INSERT [dbo].[Mark] ([Id], [StudentId], [CategoryId], [Value]) VALUES (N'1eb98346-5271-4764-87fd-1b70fbaf42bc', N'b00c98c4-3848-4ad6-8ab4-7cd986d2412b', N'ab014eb1-881d-4d7e-acbe-ac3fa710260b', 28)
GO
INSERT [dbo].[Mark] ([Id], [StudentId], [CategoryId], [Value]) VALUES (N'1ed6ffb3-db8e-429a-88c0-fc3f3fccdd69', N'dba02883-3384-4918-8e65-7deaaf4b0936', N'bd122217-a9c7-4804-af96-9f588c196acb', 22)
GO
INSERT [dbo].[Mark] ([Id], [StudentId], [CategoryId], [Value]) VALUES (N'1ee9edb9-b7ac-4912-9d2c-7b8a2c6a8ebb', N'8da14409-b911-4c41-9384-9126e18655c6', N'165c96f1-5774-41d7-9a6d-754dddabe051', 23)
GO
INSERT [dbo].[Mark] ([Id], [StudentId], [CategoryId], [Value]) VALUES (N'1fe0c17b-9332-46e7-ad30-9e5ac2cb925a', N'53c66c00-1f77-44fb-816d-97cfd4ad72c8', N'ab014eb1-881d-4d7e-acbe-ac3fa710260b', 31)
GO
INSERT [dbo].[Mark] ([Id], [StudentId], [CategoryId], [Value]) VALUES (N'1fe93510-f7bb-468a-a78f-7d6eb7e64369', N'a3f41b47-d6ac-4aec-90c2-5447287a77b7', N'15082a29-69ac-46f0-a81c-0db95ae639bc', 29)
GO
INSERT [dbo].[Mark] ([Id], [StudentId], [CategoryId], [Value]) VALUES (N'20132868-71fd-4b6d-9d5e-0cf111913f00', N'53c66c00-1f77-44fb-816d-97cfd4ad72c8', N'028ac41d-ce0b-49e3-8ec7-3cd016e8f14b', 33)
GO
INSERT [dbo].[Mark] ([Id], [StudentId], [CategoryId], [Value]) VALUES (N'202f8295-b75c-4a09-ba86-648bea1c3a29', N'0c917932-28b6-45e0-87b9-e28b0120b696', N'aaa7c15c-47ad-4ddc-8c03-a8f18f7b481c', 22)
GO
INSERT [dbo].[Mark] ([Id], [StudentId], [CategoryId], [Value]) VALUES (N'205d4ee6-ad34-475e-a5b5-5ebb40b48364', N'6dd93e58-615a-4789-a639-36861a50b444', N'bd122217-a9c7-4804-af96-9f588c196acb', 38)
GO
INSERT [dbo].[Mark] ([Id], [StudentId], [CategoryId], [Value]) VALUES (N'20897cc0-ab0c-4545-9377-4547e7d1fcb1', N'f6d02e73-9302-4cb2-915e-be5d6d40c63c', N'165c96f1-5774-41d7-9a6d-754dddabe051', 27)
GO
INSERT [dbo].[Mark] ([Id], [StudentId], [CategoryId], [Value]) VALUES (N'2116535f-c52b-4e4d-a5f8-80206564f797', N'10ef7c20-e0e1-4766-84b5-c0dbdea01c1a', N'028ac41d-ce0b-49e3-8ec7-3cd016e8f14b', 36)
GO
INSERT [dbo].[Mark] ([Id], [StudentId], [CategoryId], [Value]) VALUES (N'212f7758-51fd-4503-a06e-76320c8c5b6b', N'8b54c9d2-dacc-4024-a920-52418a7675c8', N'bd122217-a9c7-4804-af96-9f588c196acb', 40)
GO
INSERT [dbo].[Mark] ([Id], [StudentId], [CategoryId], [Value]) VALUES (N'21966b5b-7160-4ad5-bdf1-c6b741d0e3b4', N'b97445ae-974d-4d5c-a33e-62337f5d75f6', N'bd122217-a9c7-4804-af96-9f588c196acb', 32)
GO
INSERT [dbo].[Mark] ([Id], [StudentId], [CategoryId], [Value]) VALUES (N'2209e3d3-a50c-48f9-a01b-aff473778ebd', N'76cc1340-4e46-41a6-8816-acab457ffc79', N'15082a29-69ac-46f0-a81c-0db95ae639bc', 25)
GO
INSERT [dbo].[Mark] ([Id], [StudentId], [CategoryId], [Value]) VALUES (N'220a3deb-8b25-4ced-908b-658581a3bec6', N'2eb6e1eb-f7cf-49ae-b233-380b4817111c', N'165c96f1-5774-41d7-9a6d-754dddabe051', 34)
GO
INSERT [dbo].[Mark] ([Id], [StudentId], [CategoryId], [Value]) VALUES (N'2296d09f-05fc-41bb-b8e9-4f069f656c3d', N'530e57bd-223c-48ff-aa60-ac54208c8810', N'15082a29-69ac-46f0-a81c-0db95ae639bc', 28)
GO
INSERT [dbo].[Mark] ([Id], [StudentId], [CategoryId], [Value]) VALUES (N'22e3f817-de49-494a-9a97-990bd39aca58', N'bb42b149-d137-4c9d-a643-71801f69b8be', N'bd122217-a9c7-4804-af96-9f588c196acb', 37)
GO
INSERT [dbo].[Mark] ([Id], [StudentId], [CategoryId], [Value]) VALUES (N'22f4dd9a-d362-4c2b-8c49-d8aa7608a7a2', N'6c461831-c85b-4b3a-9e96-6d0eb22bf8ce', N'165c96f1-5774-41d7-9a6d-754dddabe051', 39)
GO
INSERT [dbo].[Mark] ([Id], [StudentId], [CategoryId], [Value]) VALUES (N'2306daf9-6d5e-446d-ad07-367f872ac8f5', N'86c6a1d3-ecb2-45dd-a92b-f3e9caf04844', N'028ac41d-ce0b-49e3-8ec7-3cd016e8f14b', 30)
GO
INSERT [dbo].[Mark] ([Id], [StudentId], [CategoryId], [Value]) VALUES (N'23bb704f-5899-4f48-b44a-c342ab5e22ff', N'30b87fbb-1d37-47f5-9a5b-9bf2ad07fd89', N'15082a29-69ac-46f0-a81c-0db95ae639bc', 34)
GO
INSERT [dbo].[Mark] ([Id], [StudentId], [CategoryId], [Value]) VALUES (N'2478a63a-7278-4b0d-8f55-f7f4deec1b3b', N'e19319d9-4908-419e-ae05-6f09115dfa8a', N'aaa7c15c-47ad-4ddc-8c03-a8f18f7b481c', 35)
GO
INSERT [dbo].[Mark] ([Id], [StudentId], [CategoryId], [Value]) VALUES (N'24c0d9e5-f424-464c-8650-0a61ab1a5f62', N'cb2a4fdb-c2d9-4337-8ddd-b380b4fd7cc8', N'15082a29-69ac-46f0-a81c-0db95ae639bc', 31)
GO
INSERT [dbo].[Mark] ([Id], [StudentId], [CategoryId], [Value]) VALUES (N'24d17ba5-948c-4de9-8a49-0c627466a031', N'e062abee-d99b-432b-b776-444a6240f4c1', N'15082a29-69ac-46f0-a81c-0db95ae639bc', 28)
GO
INSERT [dbo].[Mark] ([Id], [StudentId], [CategoryId], [Value]) VALUES (N'2574df37-f5f1-4a00-a6bc-1a9246020df7', N'10ef7c20-e0e1-4766-84b5-c0dbdea01c1a', N'165c96f1-5774-41d7-9a6d-754dddabe051', 28)
GO
INSERT [dbo].[Mark] ([Id], [StudentId], [CategoryId], [Value]) VALUES (N'25a8152a-575d-45a3-9f83-824b7e1e7e72', N'4237cfdc-4dbd-4828-afb8-03a0b0e4ea4b', N'bd122217-a9c7-4804-af96-9f588c196acb', 34)
GO
INSERT [dbo].[Mark] ([Id], [StudentId], [CategoryId], [Value]) VALUES (N'25a84d74-6232-4851-9b7e-5af0f17689ab', N'41efd5df-0ead-4123-b5c3-91c6df371f3b', N'bd122217-a9c7-4804-af96-9f588c196acb', 38)
GO
INSERT [dbo].[Mark] ([Id], [StudentId], [CategoryId], [Value]) VALUES (N'25fd1d67-df80-467b-8872-8c9e5bbd46ee', N'4350320d-c9b4-4b68-ab25-7fdb53659f67', N'bd122217-a9c7-4804-af96-9f588c196acb', 30)
GO
INSERT [dbo].[Mark] ([Id], [StudentId], [CategoryId], [Value]) VALUES (N'266d742f-938e-4287-b012-7c4a76b9dc54', N'9898d17b-5d49-4dd2-ae13-ef2e2bfb363b', N'15082a29-69ac-46f0-a81c-0db95ae639bc', 37)
GO
INSERT [dbo].[Mark] ([Id], [StudentId], [CategoryId], [Value]) VALUES (N'270230fc-d237-41a2-942d-44361ff30da9', N'4feb2960-3bf1-4ff9-8b1b-1d270d79b095', N'165c96f1-5774-41d7-9a6d-754dddabe051', 20)
GO
INSERT [dbo].[Mark] ([Id], [StudentId], [CategoryId], [Value]) VALUES (N'270c2e1a-d4ce-4c3a-9921-1aaed5c2c346', N'265bfe11-ff46-46a7-9a82-ed801b5bf370', N'165c96f1-5774-41d7-9a6d-754dddabe051', 32)
GO
INSERT [dbo].[Mark] ([Id], [StudentId], [CategoryId], [Value]) VALUES (N'2771a014-6d2d-47c6-8dcf-43bd1ea71a0b', N'4feb2960-3bf1-4ff9-8b1b-1d270d79b095', N'028ac41d-ce0b-49e3-8ec7-3cd016e8f14b', 31)
GO
INSERT [dbo].[Mark] ([Id], [StudentId], [CategoryId], [Value]) VALUES (N'27ee7be5-0f48-4ce5-9d00-9202b95d7708', N'19a213c4-0e91-42aa-a308-3caa2a609f60', N'aaa7c15c-47ad-4ddc-8c03-a8f18f7b481c', 23)
GO
INSERT [dbo].[Mark] ([Id], [StudentId], [CategoryId], [Value]) VALUES (N'27eea9b3-667b-4222-bf5a-a9bc0487a0dc', N'e7d1def8-5f3f-4bfa-b961-cd57b4e24e03', N'028ac41d-ce0b-49e3-8ec7-3cd016e8f14b', 31)
GO
INSERT [dbo].[Mark] ([Id], [StudentId], [CategoryId], [Value]) VALUES (N'2939402b-ce56-4137-88d3-7020855e8ada', N'47d23df1-87df-48f6-a7b7-55b55a09a5d8', N'bd122217-a9c7-4804-af96-9f588c196acb', 35)
GO
INSERT [dbo].[Mark] ([Id], [StudentId], [CategoryId], [Value]) VALUES (N'2a1f0470-393d-48b8-8d8b-76a3a5124fcd', N'479ab0bc-6ce2-45cf-8cbd-908e7928e375', N'165c96f1-5774-41d7-9a6d-754dddabe051', 22)
GO
INSERT [dbo].[Mark] ([Id], [StudentId], [CategoryId], [Value]) VALUES (N'2aa98ad4-a2f5-4d7f-8688-a45cf64fedf8', N'b3de4797-e8ab-426c-99c1-bb15fa9fe771', N'15082a29-69ac-46f0-a81c-0db95ae639bc', 35)
GO
INSERT [dbo].[Mark] ([Id], [StudentId], [CategoryId], [Value]) VALUES (N'2dab57cb-6423-4a40-b1e1-b5bfdf47caf1', N'18d2290e-ad93-43e4-bab3-01109a83b851', N'aaa7c15c-47ad-4ddc-8c03-a8f18f7b481c', 35)
GO
INSERT [dbo].[Mark] ([Id], [StudentId], [CategoryId], [Value]) VALUES (N'2dc5f9b0-e97e-4e43-b5bd-ba4b7431f1bc', N'ff07e6fa-293e-4867-b6cd-05d5b2c012d6', N'028ac41d-ce0b-49e3-8ec7-3cd016e8f14b', 36)
GO
INSERT [dbo].[Mark] ([Id], [StudentId], [CategoryId], [Value]) VALUES (N'2e68c3f4-a20e-40d8-b6e8-da021cf9a13b', N'30b87fbb-1d37-47f5-9a5b-9bf2ad07fd89', N'aaa7c15c-47ad-4ddc-8c03-a8f18f7b481c', 32)
GO
INSERT [dbo].[Mark] ([Id], [StudentId], [CategoryId], [Value]) VALUES (N'2e90c127-068a-4ead-acfa-cc9da04b4d5f', N'7b92b5fb-0fc7-486c-b7a6-9e475be031fe', N'028ac41d-ce0b-49e3-8ec7-3cd016e8f14b', 35)
GO
INSERT [dbo].[Mark] ([Id], [StudentId], [CategoryId], [Value]) VALUES (N'2e9bf3a1-4b6c-4b55-9bcc-8929b16bc208', N'8b54c9d2-dacc-4024-a920-52418a7675c8', N'028ac41d-ce0b-49e3-8ec7-3cd016e8f14b', 37)
GO
INSERT [dbo].[Mark] ([Id], [StudentId], [CategoryId], [Value]) VALUES (N'2eed9fec-966c-4351-9abb-bab31f2c4d4d', N'e51d3ebd-b0ed-4e1f-8f66-5895b45446a9', N'ab014eb1-881d-4d7e-acbe-ac3fa710260b', 22)
GO
INSERT [dbo].[Mark] ([Id], [StudentId], [CategoryId], [Value]) VALUES (N'2f13a160-99b3-40f9-b23a-f27443721534', N'95dba2b7-c906-4f34-adf2-0e4e1a6a3066', N'bd122217-a9c7-4804-af96-9f588c196acb', 39)
GO
INSERT [dbo].[Mark] ([Id], [StudentId], [CategoryId], [Value]) VALUES (N'30c85159-043c-426c-ae95-eddd7d486015', N'61b6687a-3c71-493f-ac9f-48899d44f87f', N'165c96f1-5774-41d7-9a6d-754dddabe051', 27)
GO
INSERT [dbo].[Mark] ([Id], [StudentId], [CategoryId], [Value]) VALUES (N'30fab7e9-db22-469f-a5f5-54843e4c0fa3', N'075daf11-b8fb-4f9a-b3f5-2a29a56817c2', N'028ac41d-ce0b-49e3-8ec7-3cd016e8f14b', 34)
GO
INSERT [dbo].[Mark] ([Id], [StudentId], [CategoryId], [Value]) VALUES (N'318f7494-b666-406f-9caf-f14a32d146ad', N'd269b289-95fc-4853-8711-fc5ebd7f989e', N'ab014eb1-881d-4d7e-acbe-ac3fa710260b', 37)
GO
INSERT [dbo].[Mark] ([Id], [StudentId], [CategoryId], [Value]) VALUES (N'319a549e-5e4c-4c66-92a4-8dd2fe01e938', N'e5bafe92-48ac-415d-8a13-eb40b1e9a7c7', N'028ac41d-ce0b-49e3-8ec7-3cd016e8f14b', 28)
GO
INSERT [dbo].[Mark] ([Id], [StudentId], [CategoryId], [Value]) VALUES (N'322641a7-b99a-4a1b-8320-ff5e26b05a6f', N'bb42b149-d137-4c9d-a643-71801f69b8be', N'aaa7c15c-47ad-4ddc-8c03-a8f18f7b481c', 27)
GO
INSERT [dbo].[Mark] ([Id], [StudentId], [CategoryId], [Value]) VALUES (N'32816672-278c-4c3b-8003-024c487b73d5', N'cc375e8a-5e10-4a51-9e8a-9804465e3365', N'15082a29-69ac-46f0-a81c-0db95ae639bc', 39)
GO
INSERT [dbo].[Mark] ([Id], [StudentId], [CategoryId], [Value]) VALUES (N'33a5aba5-0bba-4013-8bb0-5bc67c34eb15', N'53c66c00-1f77-44fb-816d-97cfd4ad72c8', N'bd122217-a9c7-4804-af96-9f588c196acb', 36)
GO
INSERT [dbo].[Mark] ([Id], [StudentId], [CategoryId], [Value]) VALUES (N'3437aa4d-1ae5-473b-a7be-80bbf99254fc', N'1a3bfb1c-127b-4e6a-8949-bb50a82d2d12', N'028ac41d-ce0b-49e3-8ec7-3cd016e8f14b', 36)
GO
INSERT [dbo].[Mark] ([Id], [StudentId], [CategoryId], [Value]) VALUES (N'3488cd61-4f7b-4f2e-b125-b6ee8cb38d8e', N'200f4fac-f242-4f9e-a947-263acdaca7c8', N'165c96f1-5774-41d7-9a6d-754dddabe051', 29)
GO
INSERT [dbo].[Mark] ([Id], [StudentId], [CategoryId], [Value]) VALUES (N'34cd9c91-cfa1-4bf2-9361-bacb4f27f442', N'8a00e966-62d0-49d0-9925-1a1d73645422', N'165c96f1-5774-41d7-9a6d-754dddabe051', 22)
GO
INSERT [dbo].[Mark] ([Id], [StudentId], [CategoryId], [Value]) VALUES (N'3551d6a4-7ca3-408e-8056-38beabe85b75', N'0ed5c608-14f0-4fb0-b3e5-6932c951dd39', N'028ac41d-ce0b-49e3-8ec7-3cd016e8f14b', 26)
GO
INSERT [dbo].[Mark] ([Id], [StudentId], [CategoryId], [Value]) VALUES (N'35738628-8049-45c0-afe3-872f741059b8', N'ac1776c9-b58d-4582-bb50-f9d585a324bd', N'15082a29-69ac-46f0-a81c-0db95ae639bc', 33)
GO
INSERT [dbo].[Mark] ([Id], [StudentId], [CategoryId], [Value]) VALUES (N'3712d795-830f-4408-a14e-c0d1145830c7', N'19a213c4-0e91-42aa-a308-3caa2a609f60', N'165c96f1-5774-41d7-9a6d-754dddabe051', 21)
GO
INSERT [dbo].[Mark] ([Id], [StudentId], [CategoryId], [Value]) VALUES (N'373ea3ed-41c1-4ef6-91b7-8e6e0fadba2a', N'fd1764ba-bec8-4390-83f8-45dd0181fef7', N'165c96f1-5774-41d7-9a6d-754dddabe051', 27)
GO
INSERT [dbo].[Mark] ([Id], [StudentId], [CategoryId], [Value]) VALUES (N'376a60df-04d9-49c6-87de-a4bf5cc2834b', N'd46aaee3-3013-43e6-8165-75eb844dc407', N'ab014eb1-881d-4d7e-acbe-ac3fa710260b', 23)
GO
INSERT [dbo].[Mark] ([Id], [StudentId], [CategoryId], [Value]) VALUES (N'37873fe4-498b-44b3-915f-c09aea136e5d', N'552c4279-b317-4086-966e-ebc00d21ce1d', N'028ac41d-ce0b-49e3-8ec7-3cd016e8f14b', 26)
GO
INSERT [dbo].[Mark] ([Id], [StudentId], [CategoryId], [Value]) VALUES (N'37b527fd-2c25-4f77-914f-59e2b2f051eb', N'1819c721-a67d-422a-bd92-9f646feb95d6', N'165c96f1-5774-41d7-9a6d-754dddabe051', 29)
GO
INSERT [dbo].[Mark] ([Id], [StudentId], [CategoryId], [Value]) VALUES (N'37d209e6-59d5-444c-b00c-632b1f4f5c71', N'5a9fa324-d21c-4683-8500-2cade928215f', N'165c96f1-5774-41d7-9a6d-754dddabe051', 25)
GO
INSERT [dbo].[Mark] ([Id], [StudentId], [CategoryId], [Value]) VALUES (N'3847c958-1c6d-49e2-a8ee-ea3ff0364108', N'32b3c99f-9cdd-464f-b6af-91ec3c19be9f', N'165c96f1-5774-41d7-9a6d-754dddabe051', 38)
GO
INSERT [dbo].[Mark] ([Id], [StudentId], [CategoryId], [Value]) VALUES (N'38a55aae-2651-4264-8712-04a360f36f18', N'32b3c99f-9cdd-464f-b6af-91ec3c19be9f', N'aaa7c15c-47ad-4ddc-8c03-a8f18f7b481c', 39)
GO
INSERT [dbo].[Mark] ([Id], [StudentId], [CategoryId], [Value]) VALUES (N'3965cd72-20c8-4be9-bca9-5e74f4f1eaba', N'b97445ae-974d-4d5c-a33e-62337f5d75f6', N'15082a29-69ac-46f0-a81c-0db95ae639bc', 25)
GO
INSERT [dbo].[Mark] ([Id], [StudentId], [CategoryId], [Value]) VALUES (N'3aa3981b-e43d-4ae2-b4a2-d799fb48015d', N'fcd042ad-4725-454b-829c-8fa902716867', N'028ac41d-ce0b-49e3-8ec7-3cd016e8f14b', 35)
GO
INSERT [dbo].[Mark] ([Id], [StudentId], [CategoryId], [Value]) VALUES (N'3ad3310d-9d99-467e-8e1c-8a699ecee79c', N'531c6561-4092-4641-928e-06e2e9afdd56', N'ab014eb1-881d-4d7e-acbe-ac3fa710260b', 32)
GO
INSERT [dbo].[Mark] ([Id], [StudentId], [CategoryId], [Value]) VALUES (N'3ae1237f-85e1-40a9-a79d-a98d82b42bae', N'e623324f-55cf-4313-917a-405c27d6eeec', N'bd122217-a9c7-4804-af96-9f588c196acb', 24)
GO
INSERT [dbo].[Mark] ([Id], [StudentId], [CategoryId], [Value]) VALUES (N'3c045623-c869-4299-acfa-b4dd47bd5679', N'479ab0bc-6ce2-45cf-8cbd-908e7928e375', N'028ac41d-ce0b-49e3-8ec7-3cd016e8f14b', 28)
GO
INSERT [dbo].[Mark] ([Id], [StudentId], [CategoryId], [Value]) VALUES (N'3c4507c3-15d2-4ccb-8a8f-ed68e470d0a7', N'80d1a17d-9460-487e-9edb-1230db1db639', N'15082a29-69ac-46f0-a81c-0db95ae639bc', 34)
GO
INSERT [dbo].[Mark] ([Id], [StudentId], [CategoryId], [Value]) VALUES (N'3c796819-e3fe-4db7-afc3-963c8b0c3fda', N'5f66e625-f405-4d61-b2e7-2614c87ce27c', N'ab014eb1-881d-4d7e-acbe-ac3fa710260b', 19)
GO
INSERT [dbo].[Mark] ([Id], [StudentId], [CategoryId], [Value]) VALUES (N'3dba70da-d89d-41c3-b3af-63b6085d20ec', N'111c351a-fdfb-438a-96a2-8bfd1ce7200c', N'165c96f1-5774-41d7-9a6d-754dddabe051', 16)
GO
INSERT [dbo].[Mark] ([Id], [StudentId], [CategoryId], [Value]) VALUES (N'3dc9d8c0-8f0b-4b80-85c5-bccab61ab668', N'b97445ae-974d-4d5c-a33e-62337f5d75f6', N'aaa7c15c-47ad-4ddc-8c03-a8f18f7b481c', 34)
GO
INSERT [dbo].[Mark] ([Id], [StudentId], [CategoryId], [Value]) VALUES (N'3dd3a0c3-531e-4fac-a4ab-c670c6965676', N'32b3c99f-9cdd-464f-b6af-91ec3c19be9f', N'bd122217-a9c7-4804-af96-9f588c196acb', 38)
GO
INSERT [dbo].[Mark] ([Id], [StudentId], [CategoryId], [Value]) VALUES (N'3e966ce2-4d5d-48be-96d7-0a4b4d380c0b', N'070843fa-7186-44b6-87c7-1f8d6c44f87a', N'aaa7c15c-47ad-4ddc-8c03-a8f18f7b481c', 33)
GO
INSERT [dbo].[Mark] ([Id], [StudentId], [CategoryId], [Value]) VALUES (N'3eac8357-cdb7-4718-ab0d-a09c71724e67', N'8b54c9d2-dacc-4024-a920-52418a7675c8', N'165c96f1-5774-41d7-9a6d-754dddabe051', 33)
GO
INSERT [dbo].[Mark] ([Id], [StudentId], [CategoryId], [Value]) VALUES (N'3f35e758-4976-44e6-9b00-e22a9e404a25', N'd91a39c9-66fc-48db-bfd7-9a39967c75aa', N'bd122217-a9c7-4804-af96-9f588c196acb', 31)
GO
INSERT [dbo].[Mark] ([Id], [StudentId], [CategoryId], [Value]) VALUES (N'3fbc4f4b-ce77-4e32-8f1d-9d58fcffc490', N'6c461831-c85b-4b3a-9e96-6d0eb22bf8ce', N'ab014eb1-881d-4d7e-acbe-ac3fa710260b', 37)
GO
INSERT [dbo].[Mark] ([Id], [StudentId], [CategoryId], [Value]) VALUES (N'4075a11b-c1af-47ba-9df4-8323b49821d4', N'18d2290e-ad93-43e4-bab3-01109a83b851', N'15082a29-69ac-46f0-a81c-0db95ae639bc', 31)
GO
INSERT [dbo].[Mark] ([Id], [StudentId], [CategoryId], [Value]) VALUES (N'40ebda96-b760-43f9-a49e-0b292489ff04', N'5f66e625-f405-4d61-b2e7-2614c87ce27c', N'165c96f1-5774-41d7-9a6d-754dddabe051', 31)
GO
INSERT [dbo].[Mark] ([Id], [StudentId], [CategoryId], [Value]) VALUES (N'41479bfb-240c-491a-9976-9ccd5668990e', N'075daf11-b8fb-4f9a-b3f5-2a29a56817c2', N'aaa7c15c-47ad-4ddc-8c03-a8f18f7b481c', 35)
GO
INSERT [dbo].[Mark] ([Id], [StudentId], [CategoryId], [Value]) VALUES (N'416304d5-bf05-4139-8d78-ce937c956510', N'e409e48d-fa17-4b14-b476-f3d986c29686', N'aaa7c15c-47ad-4ddc-8c03-a8f18f7b481c', 34)
GO
INSERT [dbo].[Mark] ([Id], [StudentId], [CategoryId], [Value]) VALUES (N'41a25ada-e225-42a6-983a-7358ae1d7c2f', N'9898d17b-5d49-4dd2-ae13-ef2e2bfb363b', N'028ac41d-ce0b-49e3-8ec7-3cd016e8f14b', 32)
GO
INSERT [dbo].[Mark] ([Id], [StudentId], [CategoryId], [Value]) VALUES (N'41eb4db1-14c2-4e9e-8999-2835a7103d07', N'f6d02e73-9302-4cb2-915e-be5d6d40c63c', N'15082a29-69ac-46f0-a81c-0db95ae639bc', 36)
GO
INSERT [dbo].[Mark] ([Id], [StudentId], [CategoryId], [Value]) VALUES (N'41fb0193-91e3-4b7d-af7f-4f76f1e4379c', N'7e420888-c0e4-4abe-a1fb-13502a127533', N'165c96f1-5774-41d7-9a6d-754dddabe051', 31)
GO
INSERT [dbo].[Mark] ([Id], [StudentId], [CategoryId], [Value]) VALUES (N'42770580-ae57-4663-aa5c-06c194bbebb3', N'773761d2-a9eb-442c-9a3f-f3278b72ccda', N'028ac41d-ce0b-49e3-8ec7-3cd016e8f14b', 30)
GO
INSERT [dbo].[Mark] ([Id], [StudentId], [CategoryId], [Value]) VALUES (N'432a3f98-cb8f-4196-8bd8-5a61963cde17', N'f60dc6e0-3ea0-44c4-9e44-f386f6685026', N'028ac41d-ce0b-49e3-8ec7-3cd016e8f14b', 23)
GO
INSERT [dbo].[Mark] ([Id], [StudentId], [CategoryId], [Value]) VALUES (N'434a2e9d-308f-4a80-a397-619478e3e7b8', N'445b331b-c474-4833-8025-c70d397457a1', N'028ac41d-ce0b-49e3-8ec7-3cd016e8f14b', 34)
GO
INSERT [dbo].[Mark] ([Id], [StudentId], [CategoryId], [Value]) VALUES (N'43541a21-b5b4-40e2-8356-7c39cf6b991c', N'552c4279-b317-4086-966e-ebc00d21ce1d', N'15082a29-69ac-46f0-a81c-0db95ae639bc', 25)
GO
INSERT [dbo].[Mark] ([Id], [StudentId], [CategoryId], [Value]) VALUES (N'4360ae20-ec03-405e-95fe-7ca9ba589ebe', N'2a1ef0e1-5397-4afd-9f51-dfba2acff9a5', N'028ac41d-ce0b-49e3-8ec7-3cd016e8f14b', 32)
GO
INSERT [dbo].[Mark] ([Id], [StudentId], [CategoryId], [Value]) VALUES (N'43988cf6-e98f-45d1-8da1-28c47d6155cf', N'41efd5df-0ead-4123-b5c3-91c6df371f3b', N'028ac41d-ce0b-49e3-8ec7-3cd016e8f14b', 29)
GO
INSERT [dbo].[Mark] ([Id], [StudentId], [CategoryId], [Value]) VALUES (N'43eb708a-3bae-4835-a086-13d0e2c44279', N'd91a39c9-66fc-48db-bfd7-9a39967c75aa', N'aaa7c15c-47ad-4ddc-8c03-a8f18f7b481c', 30)
GO
INSERT [dbo].[Mark] ([Id], [StudentId], [CategoryId], [Value]) VALUES (N'454c5b33-e4d6-41b9-b02a-e2f90bc0a439', N'73110c8c-58b0-4f2c-b91b-fc5d08c43419', N'bd122217-a9c7-4804-af96-9f588c196acb', 25)
GO
INSERT [dbo].[Mark] ([Id], [StudentId], [CategoryId], [Value]) VALUES (N'46830bc4-169b-405a-ac21-a16d3233eced', N'f60dc6e0-3ea0-44c4-9e44-f386f6685026', N'aaa7c15c-47ad-4ddc-8c03-a8f18f7b481c', 30)
GO
INSERT [dbo].[Mark] ([Id], [StudentId], [CategoryId], [Value]) VALUES (N'46c838a7-f5b6-4051-a523-2682eb1a697e', N'4d1048df-7514-454c-8132-df3d1d330571', N'028ac41d-ce0b-49e3-8ec7-3cd016e8f14b', 30)
GO
INSERT [dbo].[Mark] ([Id], [StudentId], [CategoryId], [Value]) VALUES (N'4797efc3-e36d-4bd1-9917-935fa3681d4e', N'e409e48d-fa17-4b14-b476-f3d986c29686', N'028ac41d-ce0b-49e3-8ec7-3cd016e8f14b', 30)
GO
INSERT [dbo].[Mark] ([Id], [StudentId], [CategoryId], [Value]) VALUES (N'47a4f066-f748-4986-a41d-7465578d842d', N'c632bf28-ac2c-422f-a0e3-c9e236214af6', N'ab014eb1-881d-4d7e-acbe-ac3fa710260b', 37)
GO
INSERT [dbo].[Mark] ([Id], [StudentId], [CategoryId], [Value]) VALUES (N'480725f3-8cdb-4152-aa30-944ed556fa34', N'2a1ef0e1-5397-4afd-9f51-dfba2acff9a5', N'165c96f1-5774-41d7-9a6d-754dddabe051', 27)
GO
INSERT [dbo].[Mark] ([Id], [StudentId], [CategoryId], [Value]) VALUES (N'48910bc4-f4e1-4380-81bf-2919e482cb73', N'070843fa-7186-44b6-87c7-1f8d6c44f87a', N'ab014eb1-881d-4d7e-acbe-ac3fa710260b', 32)
GO
INSERT [dbo].[Mark] ([Id], [StudentId], [CategoryId], [Value]) VALUES (N'49223187-a08f-43c2-a3a5-a1af86407b12', N'c632bf28-ac2c-422f-a0e3-c9e236214af6', N'15082a29-69ac-46f0-a81c-0db95ae639bc', 33)
GO
INSERT [dbo].[Mark] ([Id], [StudentId], [CategoryId], [Value]) VALUES (N'4973a131-48cb-4ab3-bad4-931a0fb36e89', N'dd6b810d-8baa-4326-a1d9-237aa90d56bd', N'15082a29-69ac-46f0-a81c-0db95ae639bc', 18)
GO
INSERT [dbo].[Mark] ([Id], [StudentId], [CategoryId], [Value]) VALUES (N'4988244b-2d08-404d-94fb-aad047b77c22', N'070843fa-7186-44b6-87c7-1f8d6c44f87a', N'15082a29-69ac-46f0-a81c-0db95ae639bc', 26)
GO
INSERT [dbo].[Mark] ([Id], [StudentId], [CategoryId], [Value]) VALUES (N'4988c59f-f30c-4e26-a0d2-ff90943ebeaf', N'531c6561-4092-4641-928e-06e2e9afdd56', N'aaa7c15c-47ad-4ddc-8c03-a8f18f7b481c', 32)
GO
INSERT [dbo].[Mark] ([Id], [StudentId], [CategoryId], [Value]) VALUES (N'4998f7a7-64a9-49cb-8dda-5852f33fb169', N'8b54c9d2-dacc-4024-a920-52418a7675c8', N'ab014eb1-881d-4d7e-acbe-ac3fa710260b', 37)
GO
INSERT [dbo].[Mark] ([Id], [StudentId], [CategoryId], [Value]) VALUES (N'4a2131d9-d805-4ac3-9cc6-7ab4350f5aec', N'2acfaf88-a293-495d-bd3e-c23d00fca6d7', N'aaa7c15c-47ad-4ddc-8c03-a8f18f7b481c', 35)
GO
INSERT [dbo].[Mark] ([Id], [StudentId], [CategoryId], [Value]) VALUES (N'4a97affb-ba20-4476-818d-cb4f344148ad', N'73110c8c-58b0-4f2c-b91b-fc5d08c43419', N'15082a29-69ac-46f0-a81c-0db95ae639bc', 34)
GO
INSERT [dbo].[Mark] ([Id], [StudentId], [CategoryId], [Value]) VALUES (N'4b85df50-052d-4dd7-a23b-64a3bcef70c4', N'30b87fbb-1d37-47f5-9a5b-9bf2ad07fd89', N'028ac41d-ce0b-49e3-8ec7-3cd016e8f14b', 33)
GO
INSERT [dbo].[Mark] ([Id], [StudentId], [CategoryId], [Value]) VALUES (N'4ba57b07-ed01-44d8-985b-c14f58eddd91', N'103797e1-4e7d-40d2-b866-dc52bf12d0dc', N'165c96f1-5774-41d7-9a6d-754dddabe051', 21)
GO
INSERT [dbo].[Mark] ([Id], [StudentId], [CategoryId], [Value]) VALUES (N'4be4ad29-8954-4c93-9e5c-aa92ea55f314', N'10439d9f-a6de-4c15-b21b-7642131af695', N'bd122217-a9c7-4804-af96-9f588c196acb', 37)
GO
INSERT [dbo].[Mark] ([Id], [StudentId], [CategoryId], [Value]) VALUES (N'4e510e5d-2342-4ca8-9ff9-af0297aa2c79', N'a3f41b47-d6ac-4aec-90c2-5447287a77b7', N'ab014eb1-881d-4d7e-acbe-ac3fa710260b', 22)
GO
INSERT [dbo].[Mark] ([Id], [StudentId], [CategoryId], [Value]) VALUES (N'4e87e1fa-93c6-4e00-949f-ab802461a590', N'fcd042ad-4725-454b-829c-8fa902716867', N'bd122217-a9c7-4804-af96-9f588c196acb', 40)
GO
INSERT [dbo].[Mark] ([Id], [StudentId], [CategoryId], [Value]) VALUES (N'4e952ff6-dd04-4a0d-89c7-e485b5d2dfee', N'c426ef79-b083-4212-b957-e92529fae91e', N'aaa7c15c-47ad-4ddc-8c03-a8f18f7b481c', 36)
GO
INSERT [dbo].[Mark] ([Id], [StudentId], [CategoryId], [Value]) VALUES (N'4e9551c9-20ec-43dc-837a-31cb2a8a27e6', N'c0511510-0231-4fdc-a93e-20f8c235698d', N'ab014eb1-881d-4d7e-acbe-ac3fa710260b', 38)
GO
INSERT [dbo].[Mark] ([Id], [StudentId], [CategoryId], [Value]) VALUES (N'4f470aa3-4f9a-494d-8c08-1e2ef45160df', N'4d1048df-7514-454c-8132-df3d1d330571', N'aaa7c15c-47ad-4ddc-8c03-a8f18f7b481c', 36)
GO
INSERT [dbo].[Mark] ([Id], [StudentId], [CategoryId], [Value]) VALUES (N'504356a5-cad1-4f1d-8dbd-389683f34860', N'73110c8c-58b0-4f2c-b91b-fc5d08c43419', N'165c96f1-5774-41d7-9a6d-754dddabe051', 19)
GO
INSERT [dbo].[Mark] ([Id], [StudentId], [CategoryId], [Value]) VALUES (N'5061a1c8-d461-4610-a2a1-f9ce6a4edd2b', N'dbda5364-286b-4d97-b16a-680d3912021b', N'165c96f1-5774-41d7-9a6d-754dddabe051', 28)
GO
INSERT [dbo].[Mark] ([Id], [StudentId], [CategoryId], [Value]) VALUES (N'50b6651d-7bed-4df4-a259-1579d9ef546c', N'3f25abb9-14c5-4a53-a6de-6b18fe741e43', N'bd122217-a9c7-4804-af96-9f588c196acb', 38)
GO
INSERT [dbo].[Mark] ([Id], [StudentId], [CategoryId], [Value]) VALUES (N'50e94065-609f-410f-bb48-1b9c1d67a84d', N'6c461831-c85b-4b3a-9e96-6d0eb22bf8ce', N'028ac41d-ce0b-49e3-8ec7-3cd016e8f14b', 36)
GO
INSERT [dbo].[Mark] ([Id], [StudentId], [CategoryId], [Value]) VALUES (N'50f74a86-5ac9-4286-9cf0-ec109cb204d1', N'd91a39c9-66fc-48db-bfd7-9a39967c75aa', N'ab014eb1-881d-4d7e-acbe-ac3fa710260b', 27)
GO
INSERT [dbo].[Mark] ([Id], [StudentId], [CategoryId], [Value]) VALUES (N'512c54d6-9185-4e5c-b69a-7dab09549e71', N'4350320d-c9b4-4b68-ab25-7fdb53659f67', N'ab014eb1-881d-4d7e-acbe-ac3fa710260b', 15)
GO
INSERT [dbo].[Mark] ([Id], [StudentId], [CategoryId], [Value]) VALUES (N'51d29c4d-0efa-4eca-8537-90130c11600e', N'4350320d-c9b4-4b68-ab25-7fdb53659f67', N'165c96f1-5774-41d7-9a6d-754dddabe051', 20)
GO
INSERT [dbo].[Mark] ([Id], [StudentId], [CategoryId], [Value]) VALUES (N'51f16cd2-c0a5-4bb8-b44a-da4df93b5c78', N'ba16e195-f790-4199-9293-02de34d61e34', N'ab014eb1-881d-4d7e-acbe-ac3fa710260b', 34)
GO
INSERT [dbo].[Mark] ([Id], [StudentId], [CategoryId], [Value]) VALUES (N'529c2561-48dc-43b2-9d58-0fefc3d091fa', N'b00c98c4-3848-4ad6-8ab4-7cd986d2412b', N'aaa7c15c-47ad-4ddc-8c03-a8f18f7b481c', 30)
GO
INSERT [dbo].[Mark] ([Id], [StudentId], [CategoryId], [Value]) VALUES (N'52d53e1f-e5c1-4d38-aa36-518e1b657f28', N'b00c98c4-3848-4ad6-8ab4-7cd986d2412b', N'bd122217-a9c7-4804-af96-9f588c196acb', 33)
GO
INSERT [dbo].[Mark] ([Id], [StudentId], [CategoryId], [Value]) VALUES (N'52da2bbb-40af-4965-9d7c-96e040517d5c', N'297e2a3d-cc6a-497f-902e-20f45619bd65', N'15082a29-69ac-46f0-a81c-0db95ae639bc', 37)
GO
INSERT [dbo].[Mark] ([Id], [StudentId], [CategoryId], [Value]) VALUES (N'52db5765-3160-4958-b2cf-d75a09bf28ff', N'291dc110-9ccb-4042-a54c-7b33170bee9c', N'bd122217-a9c7-4804-af96-9f588c196acb', 31)
GO
INSERT [dbo].[Mark] ([Id], [StudentId], [CategoryId], [Value]) VALUES (N'531427bd-341b-44eb-bfec-8ad63238dd74', N'0ed5c608-14f0-4fb0-b3e5-6932c951dd39', N'aaa7c15c-47ad-4ddc-8c03-a8f18f7b481c', 29)
GO
INSERT [dbo].[Mark] ([Id], [StudentId], [CategoryId], [Value]) VALUES (N'53f76f33-7a91-47df-b4e6-ca65cb033b72', N'ba16e195-f790-4199-9293-02de34d61e34', N'aaa7c15c-47ad-4ddc-8c03-a8f18f7b481c', 38)
GO
INSERT [dbo].[Mark] ([Id], [StudentId], [CategoryId], [Value]) VALUES (N'54dbcd9d-2dca-4fcd-8adf-d91d69831057', N'1a3bfb1c-127b-4e6a-8949-bb50a82d2d12', N'bd122217-a9c7-4804-af96-9f588c196acb', 39)
GO
INSERT [dbo].[Mark] ([Id], [StudentId], [CategoryId], [Value]) VALUES (N'551ede54-4c9e-49c0-8520-b8c7272e241f', N'76cc1340-4e46-41a6-8816-acab457ffc79', N'028ac41d-ce0b-49e3-8ec7-3cd016e8f14b', 28)
GO
INSERT [dbo].[Mark] ([Id], [StudentId], [CategoryId], [Value]) VALUES (N'555dbd99-def0-4d79-9496-ac1b202bbc8f', N'e5bafe92-48ac-415d-8a13-eb40b1e9a7c7', N'aaa7c15c-47ad-4ddc-8c03-a8f18f7b481c', 25)
GO
INSERT [dbo].[Mark] ([Id], [StudentId], [CategoryId], [Value]) VALUES (N'55c8e228-3f32-410f-b3f7-4535f96a65c5', N'ff07e6fa-293e-4867-b6cd-05d5b2c012d6', N'bd122217-a9c7-4804-af96-9f588c196acb', 36)
GO
INSERT [dbo].[Mark] ([Id], [StudentId], [CategoryId], [Value]) VALUES (N'562c8690-13d3-45bb-b262-d83da0853135', N'd5dcaa3d-f0aa-40fa-a0ce-f77c113db2a9', N'aaa7c15c-47ad-4ddc-8c03-a8f18f7b481c', 36)
GO
INSERT [dbo].[Mark] ([Id], [StudentId], [CategoryId], [Value]) VALUES (N'568f1d90-be8c-4e29-a027-033732e4698d', N'aa498cc1-d89b-49b7-a476-ba598cd8a932', N'ab014eb1-881d-4d7e-acbe-ac3fa710260b', 25)
GO
INSERT [dbo].[Mark] ([Id], [StudentId], [CategoryId], [Value]) VALUES (N'57788681-fc97-4fe3-bed7-10bc83732d76', N'3f25abb9-14c5-4a53-a6de-6b18fe741e43', N'15082a29-69ac-46f0-a81c-0db95ae639bc', 39)
GO
INSERT [dbo].[Mark] ([Id], [StudentId], [CategoryId], [Value]) VALUES (N'584b5844-be8a-42c9-84cd-e326aa407884', N'7b92b5fb-0fc7-486c-b7a6-9e475be031fe', N'165c96f1-5774-41d7-9a6d-754dddabe051', 29)
GO
INSERT [dbo].[Mark] ([Id], [StudentId], [CategoryId], [Value]) VALUES (N'5860b84c-5dee-41c2-b82b-ea1d69ee1afb', N'dba02883-3384-4918-8e65-7deaaf4b0936', N'15082a29-69ac-46f0-a81c-0db95ae639bc', 30)
GO
INSERT [dbo].[Mark] ([Id], [StudentId], [CategoryId], [Value]) VALUES (N'597f78cc-f054-40e8-a0b3-ce1b048143d1', N'530e57bd-223c-48ff-aa60-ac54208c8810', N'bd122217-a9c7-4804-af96-9f588c196acb', 34)
GO
INSERT [dbo].[Mark] ([Id], [StudentId], [CategoryId], [Value]) VALUES (N'5a1b345b-f4d1-47b0-b333-c73ccb2c3fd6', N'cc375e8a-5e10-4a51-9e8a-9804465e3365', N'ab014eb1-881d-4d7e-acbe-ac3fa710260b', 34)
GO
INSERT [dbo].[Mark] ([Id], [StudentId], [CategoryId], [Value]) VALUES (N'5adaee80-2de9-4b9f-96ea-79dbb9afc2dd', N'0ed5c608-14f0-4fb0-b3e5-6932c951dd39', N'15082a29-69ac-46f0-a81c-0db95ae639bc', 28)
GO
INSERT [dbo].[Mark] ([Id], [StudentId], [CategoryId], [Value]) VALUES (N'5afe508a-9cf7-4912-8164-1a15ab44196b', N'8a00e966-62d0-49d0-9925-1a1d73645422', N'aaa7c15c-47ad-4ddc-8c03-a8f18f7b481c', 32)
GO
INSERT [dbo].[Mark] ([Id], [StudentId], [CategoryId], [Value]) VALUES (N'5b2a5d6c-07d2-4985-9b88-d40d7540d15f', N'530e57bd-223c-48ff-aa60-ac54208c8810', N'165c96f1-5774-41d7-9a6d-754dddabe051', 27)
GO
INSERT [dbo].[Mark] ([Id], [StudentId], [CategoryId], [Value]) VALUES (N'5cb37782-5e9b-4c87-bc79-58bf9191f26b', N'bb42b149-d137-4c9d-a643-71801f69b8be', N'ab014eb1-881d-4d7e-acbe-ac3fa710260b', 36)
GO
INSERT [dbo].[Mark] ([Id], [StudentId], [CategoryId], [Value]) VALUES (N'5cba6b11-0c88-4958-a1f0-a2d6163fce29', N'cc375e8a-5e10-4a51-9e8a-9804465e3365', N'165c96f1-5774-41d7-9a6d-754dddabe051', 26)
GO
INSERT [dbo].[Mark] ([Id], [StudentId], [CategoryId], [Value]) VALUES (N'5d7a1e4a-fab4-4353-8379-03132e270b08', N'dba02883-3384-4918-8e65-7deaaf4b0936', N'028ac41d-ce0b-49e3-8ec7-3cd016e8f14b', 23)
GO
INSERT [dbo].[Mark] ([Id], [StudentId], [CategoryId], [Value]) VALUES (N'5e0c7973-30d8-492b-b905-b2e73286c5be', N'c632bf28-ac2c-422f-a0e3-c9e236214af6', N'bd122217-a9c7-4804-af96-9f588c196acb', 39)
GO
INSERT [dbo].[Mark] ([Id], [StudentId], [CategoryId], [Value]) VALUES (N'5e160fd3-9fc2-49bc-9d72-2980bb377476', N'6c461831-c85b-4b3a-9e96-6d0eb22bf8ce', N'aaa7c15c-47ad-4ddc-8c03-a8f18f7b481c', 40)
GO
INSERT [dbo].[Mark] ([Id], [StudentId], [CategoryId], [Value]) VALUES (N'5e724514-7e7e-4550-b30f-db7e354a139f', N'cdb35245-f982-4ee3-8faa-46da0b72c1c7', N'028ac41d-ce0b-49e3-8ec7-3cd016e8f14b', 32)
GO
INSERT [dbo].[Mark] ([Id], [StudentId], [CategoryId], [Value]) VALUES (N'5e7bfe47-cbe0-49a8-9ac0-13dc4b015a55', N'e19319d9-4908-419e-ae05-6f09115dfa8a', N'bd122217-a9c7-4804-af96-9f588c196acb', 38)
GO
INSERT [dbo].[Mark] ([Id], [StudentId], [CategoryId], [Value]) VALUES (N'5ef9d265-4d94-49b7-9850-dfbec53485a6', N'ec8853e4-f6a4-45c4-98c5-4479e07e536b', N'bd122217-a9c7-4804-af96-9f588c196acb', 32)
GO
INSERT [dbo].[Mark] ([Id], [StudentId], [CategoryId], [Value]) VALUES (N'5f017e0a-0de6-4ac3-a0f5-401f6c3dbf96', N'7cc9a5f5-20e3-4117-b988-cb4f200f8235', N'15082a29-69ac-46f0-a81c-0db95ae639bc', 34)
GO
INSERT [dbo].[Mark] ([Id], [StudentId], [CategoryId], [Value]) VALUES (N'5f87df1d-899b-4110-a510-5634fb223693', N'dba6f478-fd68-4291-be0e-373c207a3492', N'aaa7c15c-47ad-4ddc-8c03-a8f18f7b481c', 32)
GO
INSERT [dbo].[Mark] ([Id], [StudentId], [CategoryId], [Value]) VALUES (N'6078e737-7f22-46c1-b307-c01a5c6c3f62', N'f60dc6e0-3ea0-44c4-9e44-f386f6685026', N'bd122217-a9c7-4804-af96-9f588c196acb', 20)
GO
INSERT [dbo].[Mark] ([Id], [StudentId], [CategoryId], [Value]) VALUES (N'61777414-1495-42b9-af3c-86c0fc29f3d5', N'2acfaf88-a293-495d-bd3e-c23d00fca6d7', N'ab014eb1-881d-4d7e-acbe-ac3fa710260b', 34)
GO
INSERT [dbo].[Mark] ([Id], [StudentId], [CategoryId], [Value]) VALUES (N'6279b8bc-88b4-4897-a635-03d9a25bad7e', N'552c4279-b317-4086-966e-ebc00d21ce1d', N'165c96f1-5774-41d7-9a6d-754dddabe051', 19)
GO
INSERT [dbo].[Mark] ([Id], [StudentId], [CategoryId], [Value]) VALUES (N'62ea3b61-a665-456b-8ff5-e040fb2f62d1', N'a3f41b47-d6ac-4aec-90c2-5447287a77b7', N'bd122217-a9c7-4804-af96-9f588c196acb', 37)
GO
INSERT [dbo].[Mark] ([Id], [StudentId], [CategoryId], [Value]) VALUES (N'6446fa6b-e2fa-48f4-a5b0-a0de107c9c39', N'b3de4797-e8ab-426c-99c1-bb15fa9fe771', N'165c96f1-5774-41d7-9a6d-754dddabe051', 25)
GO
INSERT [dbo].[Mark] ([Id], [StudentId], [CategoryId], [Value]) VALUES (N'6589403c-a015-4edd-b72d-870b95c863e2', N'09e04669-671c-4a38-a9a5-fe77e2bb13e9', N'bd122217-a9c7-4804-af96-9f588c196acb', 32)
GO
INSERT [dbo].[Mark] ([Id], [StudentId], [CategoryId], [Value]) VALUES (N'65c04985-46a6-4a89-9ac8-d27115c1f145', N'86c6a1d3-ecb2-45dd-a92b-f3e9caf04844', N'bd122217-a9c7-4804-af96-9f588c196acb', 35)
GO
INSERT [dbo].[Mark] ([Id], [StudentId], [CategoryId], [Value]) VALUES (N'65e75ca4-e176-4234-890b-ea9123393997', N'291dc110-9ccb-4042-a54c-7b33170bee9c', N'165c96f1-5774-41d7-9a6d-754dddabe051', 25)
GO
INSERT [dbo].[Mark] ([Id], [StudentId], [CategoryId], [Value]) VALUES (N'65e917b6-c529-46dc-a4a3-89bd960e7005', N'111c351a-fdfb-438a-96a2-8bfd1ce7200c', N'15082a29-69ac-46f0-a81c-0db95ae639bc', 33)
GO
INSERT [dbo].[Mark] ([Id], [StudentId], [CategoryId], [Value]) VALUES (N'6627df88-7f4c-488c-a83e-99753fc21c37', N'80d1a17d-9460-487e-9edb-1230db1db639', N'028ac41d-ce0b-49e3-8ec7-3cd016e8f14b', 31)
GO
INSERT [dbo].[Mark] ([Id], [StudentId], [CategoryId], [Value]) VALUES (N'665e063c-9b5c-446d-8c9c-38e7a5a9abe0', N'36c2184f-d8b0-4282-8a7b-dc4dfd8367eb', N'165c96f1-5774-41d7-9a6d-754dddabe051', 27)
GO
INSERT [dbo].[Mark] ([Id], [StudentId], [CategoryId], [Value]) VALUES (N'66bcf9ee-5c2a-4b5c-8c40-5d907a920340', N'ba16e195-f790-4199-9293-02de34d61e34', N'028ac41d-ce0b-49e3-8ec7-3cd016e8f14b', 36)
GO
INSERT [dbo].[Mark] ([Id], [StudentId], [CategoryId], [Value]) VALUES (N'69666b44-616a-472a-90a5-595b93c76e19', N'10439d9f-a6de-4c15-b21b-7642131af695', N'028ac41d-ce0b-49e3-8ec7-3cd016e8f14b', 33)
GO
INSERT [dbo].[Mark] ([Id], [StudentId], [CategoryId], [Value]) VALUES (N'6b34f65d-67cf-41c1-b421-694b2d11a364', N'19a213c4-0e91-42aa-a308-3caa2a609f60', N'ab014eb1-881d-4d7e-acbe-ac3fa710260b', 14)
GO
INSERT [dbo].[Mark] ([Id], [StudentId], [CategoryId], [Value]) VALUES (N'6bbba972-f243-48fd-b050-66f6dc4ecdd2', N'6dd93e58-615a-4789-a639-36861a50b444', N'ab014eb1-881d-4d7e-acbe-ac3fa710260b', 30)
GO
INSERT [dbo].[Mark] ([Id], [StudentId], [CategoryId], [Value]) VALUES (N'6bc2846d-b2de-4df8-b48f-d179894aeced', N'7954ff41-8fbe-4367-8975-002b4fb3787d', N'bd122217-a9c7-4804-af96-9f588c196acb', 20)
GO
INSERT [dbo].[Mark] ([Id], [StudentId], [CategoryId], [Value]) VALUES (N'6bdac57f-9a2d-4542-86bb-53de54487f08', N'e51d3ebd-b0ed-4e1f-8f66-5895b45446a9', N'aaa7c15c-47ad-4ddc-8c03-a8f18f7b481c', 32)
GO
INSERT [dbo].[Mark] ([Id], [StudentId], [CategoryId], [Value]) VALUES (N'6c11fe1d-257d-4ee4-8409-4a4f0cec534d', N'1819c721-a67d-422a-bd92-9f646feb95d6', N'ab014eb1-881d-4d7e-acbe-ac3fa710260b', 29)
GO
INSERT [dbo].[Mark] ([Id], [StudentId], [CategoryId], [Value]) VALUES (N'6c432eb1-be85-4193-a39f-81c4427501e0', N'80d1a17d-9460-487e-9edb-1230db1db639', N'ab014eb1-881d-4d7e-acbe-ac3fa710260b', 33)
GO
INSERT [dbo].[Mark] ([Id], [StudentId], [CategoryId], [Value]) VALUES (N'6cea6046-0b8a-4137-b18e-857950c47eba', N'7b92b5fb-0fc7-486c-b7a6-9e475be031fe', N'ab014eb1-881d-4d7e-acbe-ac3fa710260b', 30)
GO
INSERT [dbo].[Mark] ([Id], [StudentId], [CategoryId], [Value]) VALUES (N'6d2e30ba-3c41-4290-a684-db32bd208c33', N'265bfe11-ff46-46a7-9a82-ed801b5bf370', N'aaa7c15c-47ad-4ddc-8c03-a8f18f7b481c', 36)
GO
INSERT [dbo].[Mark] ([Id], [StudentId], [CategoryId], [Value]) VALUES (N'6da67a3f-ddab-45a1-9eb6-f4fbb5bc5c95', N'68618c02-76b9-474e-af4f-60f2906d47ad', N'028ac41d-ce0b-49e3-8ec7-3cd016e8f14b', 29)
GO
INSERT [dbo].[Mark] ([Id], [StudentId], [CategoryId], [Value]) VALUES (N'6db86514-cb3d-4785-a045-605c44291dbf', N'5a9fa324-d21c-4683-8500-2cade928215f', N'ab014eb1-881d-4d7e-acbe-ac3fa710260b', 27)
GO
INSERT [dbo].[Mark] ([Id], [StudentId], [CategoryId], [Value]) VALUES (N'6de72ed4-6eba-441b-ac26-e17cbc90d542', N'e062abee-d99b-432b-b776-444a6240f4c1', N'ab014eb1-881d-4d7e-acbe-ac3fa710260b', 27)
GO
INSERT [dbo].[Mark] ([Id], [StudentId], [CategoryId], [Value]) VALUES (N'6e063675-0bce-410e-af45-97e3e52ef38c', N'dcfd3691-b94d-4f02-b1b4-353ea69d85bd', N'aaa7c15c-47ad-4ddc-8c03-a8f18f7b481c', 40)
GO
INSERT [dbo].[Mark] ([Id], [StudentId], [CategoryId], [Value]) VALUES (N'6e33238b-9f8d-4c08-b256-f4ba29a2d1c2', N'e51d3ebd-b0ed-4e1f-8f66-5895b45446a9', N'028ac41d-ce0b-49e3-8ec7-3cd016e8f14b', 26)
GO
INSERT [dbo].[Mark] ([Id], [StudentId], [CategoryId], [Value]) VALUES (N'6e6df2b7-d028-41ef-bc25-9bbfe3327b15', N'e19319d9-4908-419e-ae05-6f09115dfa8a', N'165c96f1-5774-41d7-9a6d-754dddabe051', 26)
GO
INSERT [dbo].[Mark] ([Id], [StudentId], [CategoryId], [Value]) VALUES (N'6f4245a4-097f-47cf-9fc8-1d1a55fd2bcb', N'86c6a1d3-ecb2-45dd-a92b-f3e9caf04844', N'15082a29-69ac-46f0-a81c-0db95ae639bc', 39)
GO
INSERT [dbo].[Mark] ([Id], [StudentId], [CategoryId], [Value]) VALUES (N'6f4bfa4c-c6b7-47b8-85f0-f720f74963eb', N'61b6687a-3c71-493f-ac9f-48899d44f87f', N'aaa7c15c-47ad-4ddc-8c03-a8f18f7b481c', 40)
GO
INSERT [dbo].[Mark] ([Id], [StudentId], [CategoryId], [Value]) VALUES (N'6f51d717-0fcd-4b9c-a3fa-2251c39f0ba2', N'291dc110-9ccb-4042-a54c-7b33170bee9c', N'aaa7c15c-47ad-4ddc-8c03-a8f18f7b481c', 35)
GO
INSERT [dbo].[Mark] ([Id], [StudentId], [CategoryId], [Value]) VALUES (N'6f53af0c-07d2-42a8-b393-722e402bcdcb', N'2eb6e1eb-f7cf-49ae-b233-380b4817111c', N'bd122217-a9c7-4804-af96-9f588c196acb', 38)
GO
INSERT [dbo].[Mark] ([Id], [StudentId], [CategoryId], [Value]) VALUES (N'6f99b677-ab32-4ba9-9ddb-f8f378b56fb2', N'61b6687a-3c71-493f-ac9f-48899d44f87f', N'ab014eb1-881d-4d7e-acbe-ac3fa710260b', 40)
GO
INSERT [dbo].[Mark] ([Id], [StudentId], [CategoryId], [Value]) VALUES (N'70f1871a-5d31-4630-9599-ca0e6a24a1a9', N'47d23df1-87df-48f6-a7b7-55b55a09a5d8', N'165c96f1-5774-41d7-9a6d-754dddabe051', 12)
GO
INSERT [dbo].[Mark] ([Id], [StudentId], [CategoryId], [Value]) VALUES (N'715301e7-4c9a-419e-8f08-369e0230b34f', N'95dba2b7-c906-4f34-adf2-0e4e1a6a3066', N'ab014eb1-881d-4d7e-acbe-ac3fa710260b', 36)
GO
INSERT [dbo].[Mark] ([Id], [StudentId], [CategoryId], [Value]) VALUES (N'7210e61b-f33d-4aff-9542-571a7d66500f', N'8da14409-b911-4c41-9384-9126e18655c6', N'aaa7c15c-47ad-4ddc-8c03-a8f18f7b481c', 32)
GO
INSERT [dbo].[Mark] ([Id], [StudentId], [CategoryId], [Value]) VALUES (N'72706577-a7e9-45ba-8069-922db72a55b0', N'dba6f478-fd68-4291-be0e-373c207a3492', N'bd122217-a9c7-4804-af96-9f588c196acb', 32)
GO
INSERT [dbo].[Mark] ([Id], [StudentId], [CategoryId], [Value]) VALUES (N'72a558c0-865a-4b2f-90cb-7b1c18f68583', N'41efd5df-0ead-4123-b5c3-91c6df371f3b', N'ab014eb1-881d-4d7e-acbe-ac3fa710260b', 39)
GO
INSERT [dbo].[Mark] ([Id], [StudentId], [CategoryId], [Value]) VALUES (N'75986822-3516-4fe8-afa2-24c37fa808d5', N'445b331b-c474-4833-8025-c70d397457a1', N'15082a29-69ac-46f0-a81c-0db95ae639bc', 34)
GO
INSERT [dbo].[Mark] ([Id], [StudentId], [CategoryId], [Value]) VALUES (N'762ab419-ceca-4528-b2bf-51c770878f8d', N'd5dcaa3d-f0aa-40fa-a0ce-f77c113db2a9', N'15082a29-69ac-46f0-a81c-0db95ae639bc', 35)
GO
INSERT [dbo].[Mark] ([Id], [StudentId], [CategoryId], [Value]) VALUES (N'76aa5367-5035-4f01-8b48-4b34d4e66dc9', N'265bfe11-ff46-46a7-9a82-ed801b5bf370', N'15082a29-69ac-46f0-a81c-0db95ae639bc', 31)
GO
INSERT [dbo].[Mark] ([Id], [StudentId], [CategoryId], [Value]) VALUES (N'77abcb4b-aa6f-4be2-b05a-ceda74d906ff', N'f400bc35-e6b7-4b4f-a2d2-a5fe266f5244', N'ab014eb1-881d-4d7e-acbe-ac3fa710260b', 34)
GO
INSERT [dbo].[Mark] ([Id], [StudentId], [CategoryId], [Value]) VALUES (N'78069214-1107-4e02-a4fc-f96bda350429', N'0c917932-28b6-45e0-87b9-e28b0120b696', N'028ac41d-ce0b-49e3-8ec7-3cd016e8f14b', 25)
GO
INSERT [dbo].[Mark] ([Id], [StudentId], [CategoryId], [Value]) VALUES (N'78107de1-721d-4fb1-a08f-00362e692d9c', N'10ef7c20-e0e1-4766-84b5-c0dbdea01c1a', N'15082a29-69ac-46f0-a81c-0db95ae639bc', 37)
GO
INSERT [dbo].[Mark] ([Id], [StudentId], [CategoryId], [Value]) VALUES (N'78b47e6f-53e0-4510-bb44-67ea9bbdcaf7', N'3f25abb9-14c5-4a53-a6de-6b18fe741e43', N'ab014eb1-881d-4d7e-acbe-ac3fa710260b', 37)
GO
INSERT [dbo].[Mark] ([Id], [StudentId], [CategoryId], [Value]) VALUES (N'79002631-cccc-4d8e-abc2-dbcb98793da3', N'09e04669-671c-4a38-a9a5-fe77e2bb13e9', N'ab014eb1-881d-4d7e-acbe-ac3fa710260b', 27)
GO
INSERT [dbo].[Mark] ([Id], [StudentId], [CategoryId], [Value]) VALUES (N'7981ef3f-8ebd-4987-b793-2056553aac0a', N'cb2a4fdb-c2d9-4337-8ddd-b380b4fd7cc8', N'ab014eb1-881d-4d7e-acbe-ac3fa710260b', 36)
GO
INSERT [dbo].[Mark] ([Id], [StudentId], [CategoryId], [Value]) VALUES (N'79f1853d-6098-4acd-afdf-40dcebd86202', N'5a9fa324-d21c-4683-8500-2cade928215f', N'aaa7c15c-47ad-4ddc-8c03-a8f18f7b481c', 32)
GO
INSERT [dbo].[Mark] ([Id], [StudentId], [CategoryId], [Value]) VALUES (N'7b4ffaeb-2f62-4067-9c3e-d02f5efaa61f', N'0ed5c608-14f0-4fb0-b3e5-6932c951dd39', N'165c96f1-5774-41d7-9a6d-754dddabe051', 27)
GO
INSERT [dbo].[Mark] ([Id], [StudentId], [CategoryId], [Value]) VALUES (N'7c414944-f5c8-48f2-ab59-10870117ded9', N'f60dc6e0-3ea0-44c4-9e44-f386f6685026', N'15082a29-69ac-46f0-a81c-0db95ae639bc', 28)
GO
INSERT [dbo].[Mark] ([Id], [StudentId], [CategoryId], [Value]) VALUES (N'7c5f9175-5556-4e37-974a-d89fa35e92fe', N'8a00e966-62d0-49d0-9925-1a1d73645422', N'15082a29-69ac-46f0-a81c-0db95ae639bc', 32)
GO
INSERT [dbo].[Mark] ([Id], [StudentId], [CategoryId], [Value]) VALUES (N'7c6c5e3f-06ac-4d41-85bb-c4e528a5bf7b', N'41efd5df-0ead-4123-b5c3-91c6df371f3b', N'aaa7c15c-47ad-4ddc-8c03-a8f18f7b481c', 39)
GO
INSERT [dbo].[Mark] ([Id], [StudentId], [CategoryId], [Value]) VALUES (N'7ca24634-003e-45e7-b152-2c72ecdaadb2', N'19a213c4-0e91-42aa-a308-3caa2a609f60', N'bd122217-a9c7-4804-af96-9f588c196acb', 30)
GO
INSERT [dbo].[Mark] ([Id], [StudentId], [CategoryId], [Value]) VALUES (N'7d541d9b-3a43-46dd-8a76-2c32968da124', N'8b54c9d2-dacc-4024-a920-52418a7675c8', N'15082a29-69ac-46f0-a81c-0db95ae639bc', 38)
GO
INSERT [dbo].[Mark] ([Id], [StudentId], [CategoryId], [Value]) VALUES (N'7dc94920-131c-4253-ba03-1bb69731ce4b', N'10ef7c20-e0e1-4766-84b5-c0dbdea01c1a', N'ab014eb1-881d-4d7e-acbe-ac3fa710260b', 37)
GO
INSERT [dbo].[Mark] ([Id], [StudentId], [CategoryId], [Value]) VALUES (N'7dec6394-2752-419d-9cfa-19661ee115b6', N'531c6561-4092-4641-928e-06e2e9afdd56', N'15082a29-69ac-46f0-a81c-0db95ae639bc', 36)
GO
INSERT [dbo].[Mark] ([Id], [StudentId], [CategoryId], [Value]) VALUES (N'7eab6245-9199-4872-a048-4ffda8c4ec32', N'd46aaee3-3013-43e6-8165-75eb844dc407', N'15082a29-69ac-46f0-a81c-0db95ae639bc', 26)
GO
INSERT [dbo].[Mark] ([Id], [StudentId], [CategoryId], [Value]) VALUES (N'7f04e5d4-cd7e-42cc-96b4-fd84197ac799', N'9898d17b-5d49-4dd2-ae13-ef2e2bfb363b', N'bd122217-a9c7-4804-af96-9f588c196acb', 37)
GO
INSERT [dbo].[Mark] ([Id], [StudentId], [CategoryId], [Value]) VALUES (N'7f417dbe-0a49-406b-b572-89c69d2c2e5d', N'ac1776c9-b58d-4582-bb50-f9d585a324bd', N'ab014eb1-881d-4d7e-acbe-ac3fa710260b', 33)
GO
INSERT [dbo].[Mark] ([Id], [StudentId], [CategoryId], [Value]) VALUES (N'7f78c153-b10b-4725-a139-b89c77902428', N'10ef7c20-e0e1-4766-84b5-c0dbdea01c1a', N'bd122217-a9c7-4804-af96-9f588c196acb', 38)
GO
INSERT [dbo].[Mark] ([Id], [StudentId], [CategoryId], [Value]) VALUES (N'809ce0b0-832a-499b-825e-0571defc72a4', N'4237cfdc-4dbd-4828-afb8-03a0b0e4ea4b', N'15082a29-69ac-46f0-a81c-0db95ae639bc', 34)
GO
INSERT [dbo].[Mark] ([Id], [StudentId], [CategoryId], [Value]) VALUES (N'81508592-a46b-4234-bf9b-86745b8d0fbc', N'35c5bffc-adae-4427-ae02-8e5510b19bdc', N'028ac41d-ce0b-49e3-8ec7-3cd016e8f14b', 35)
GO
INSERT [dbo].[Mark] ([Id], [StudentId], [CategoryId], [Value]) VALUES (N'81fef2ae-15af-4270-98d5-cb8735a93cf3', N'5a9fa324-d21c-4683-8500-2cade928215f', N'bd122217-a9c7-4804-af96-9f588c196acb', 33)
GO
INSERT [dbo].[Mark] ([Id], [StudentId], [CategoryId], [Value]) VALUES (N'8330b113-b049-4d51-8289-ae755fa74a2f', N'773761d2-a9eb-442c-9a3f-f3278b72ccda', N'aaa7c15c-47ad-4ddc-8c03-a8f18f7b481c', 31)
GO
INSERT [dbo].[Mark] ([Id], [StudentId], [CategoryId], [Value]) VALUES (N'843bd272-afad-4bb6-a39f-b9b6cb185cc8', N'4feb2960-3bf1-4ff9-8b1b-1d270d79b095', N'15082a29-69ac-46f0-a81c-0db95ae639bc', 34)
GO
INSERT [dbo].[Mark] ([Id], [StudentId], [CategoryId], [Value]) VALUES (N'845ae442-767e-47bb-bf43-4e0ddb0ca947', N'61b6687a-3c71-493f-ac9f-48899d44f87f', N'028ac41d-ce0b-49e3-8ec7-3cd016e8f14b', 33)
GO
INSERT [dbo].[Mark] ([Id], [StudentId], [CategoryId], [Value]) VALUES (N'851adfb4-4ebe-41d7-a5c0-5167aa9a8c9a', N'68618c02-76b9-474e-af4f-60f2906d47ad', N'ab014eb1-881d-4d7e-acbe-ac3fa710260b', 31)
GO
INSERT [dbo].[Mark] ([Id], [StudentId], [CategoryId], [Value]) VALUES (N'8560ceb3-f62d-4ea3-95b2-5b3061fe1cc2', N'd5dcaa3d-f0aa-40fa-a0ce-f77c113db2a9', N'165c96f1-5774-41d7-9a6d-754dddabe051', 35)
GO
INSERT [dbo].[Mark] ([Id], [StudentId], [CategoryId], [Value]) VALUES (N'85aac86d-406c-42c7-92b2-5d5e294bb584', N'265bfe11-ff46-46a7-9a82-ed801b5bf370', N'028ac41d-ce0b-49e3-8ec7-3cd016e8f14b', 31)
GO
INSERT [dbo].[Mark] ([Id], [StudentId], [CategoryId], [Value]) VALUES (N'85c1c408-8f86-4606-a5c7-dde39bc036c3', N'fcd042ad-4725-454b-829c-8fa902716867', N'ab014eb1-881d-4d7e-acbe-ac3fa710260b', 37)
GO
INSERT [dbo].[Mark] ([Id], [StudentId], [CategoryId], [Value]) VALUES (N'85f955d8-801c-4be5-abb7-973ae88ada31', N'35c5bffc-adae-4427-ae02-8e5510b19bdc', N'165c96f1-5774-41d7-9a6d-754dddabe051', 35)
GO
INSERT [dbo].[Mark] ([Id], [StudentId], [CategoryId], [Value]) VALUES (N'86ac0da1-3b4a-4114-84d3-3973d12bbe97', N'fcd042ad-4725-454b-829c-8fa902716867', N'aaa7c15c-47ad-4ddc-8c03-a8f18f7b481c', 39)
GO
INSERT [dbo].[Mark] ([Id], [StudentId], [CategoryId], [Value]) VALUES (N'8720ae3b-5ae8-4103-bfdf-6edf07fef704', N'297e2a3d-cc6a-497f-902e-20f45619bd65', N'aaa7c15c-47ad-4ddc-8c03-a8f18f7b481c', 36)
GO
INSERT [dbo].[Mark] ([Id], [StudentId], [CategoryId], [Value]) VALUES (N'872bdaea-2961-41ff-b505-0d27e53a4fd3', N'4dfaeca1-ed28-4f7e-930f-d4faa9a58262', N'15082a29-69ac-46f0-a81c-0db95ae639bc', 39)
GO
INSERT [dbo].[Mark] ([Id], [StudentId], [CategoryId], [Value]) VALUES (N'8736241c-c76c-4234-bfc2-eac0bef11fa1', N'cb2a4fdb-c2d9-4337-8ddd-b380b4fd7cc8', N'165c96f1-5774-41d7-9a6d-754dddabe051', 32)
GO
INSERT [dbo].[Mark] ([Id], [StudentId], [CategoryId], [Value]) VALUES (N'891dddf9-313e-4dd9-aad1-c5b3b0a75f05', N'773761d2-a9eb-442c-9a3f-f3278b72ccda', N'15082a29-69ac-46f0-a81c-0db95ae639bc', 29)
GO
INSERT [dbo].[Mark] ([Id], [StudentId], [CategoryId], [Value]) VALUES (N'89c14984-7186-4bf0-b88b-403f7b72019a', N'86c6a1d3-ecb2-45dd-a92b-f3e9caf04844', N'ab014eb1-881d-4d7e-acbe-ac3fa710260b', 39)
GO
INSERT [dbo].[Mark] ([Id], [StudentId], [CategoryId], [Value]) VALUES (N'89f2a809-b621-4b59-8861-bc54b177f360', N'e7d1def8-5f3f-4bfa-b961-cd57b4e24e03', N'165c96f1-5774-41d7-9a6d-754dddabe051', 19)
GO
INSERT [dbo].[Mark] ([Id], [StudentId], [CategoryId], [Value]) VALUES (N'8a00daae-913a-4f9f-b9ea-c7879acf87ee', N'c426ef79-b083-4212-b957-e92529fae91e', N'028ac41d-ce0b-49e3-8ec7-3cd016e8f14b', 28)
GO
INSERT [dbo].[Mark] ([Id], [StudentId], [CategoryId], [Value]) VALUES (N'8b1c81fe-21d7-4474-b92f-0e53b3dc5415', N'297e2a3d-cc6a-497f-902e-20f45619bd65', N'bd122217-a9c7-4804-af96-9f588c196acb', 37)
GO
INSERT [dbo].[Mark] ([Id], [StudentId], [CategoryId], [Value]) VALUES (N'8b3b7a26-7840-4fd7-b5de-352478ce397c', N'479ab0bc-6ce2-45cf-8cbd-908e7928e375', N'aaa7c15c-47ad-4ddc-8c03-a8f18f7b481c', 32)
GO
INSERT [dbo].[Mark] ([Id], [StudentId], [CategoryId], [Value]) VALUES (N'8b5865b0-8a82-4033-a1da-bb6bd92979b2', N'0c917932-28b6-45e0-87b9-e28b0120b696', N'bd122217-a9c7-4804-af96-9f588c196acb', 31)
GO
INSERT [dbo].[Mark] ([Id], [StudentId], [CategoryId], [Value]) VALUES (N'8c3cef00-6f26-4de9-8661-2312d4ccfa76', N'3b526554-d8f1-4c8b-8a1f-8057edcabd1c', N'aaa7c15c-47ad-4ddc-8c03-a8f18f7b481c', 40)
GO
INSERT [dbo].[Mark] ([Id], [StudentId], [CategoryId], [Value]) VALUES (N'8c680ddd-e4d5-42d0-a45c-f80c814c2a39', N'111c351a-fdfb-438a-96a2-8bfd1ce7200c', N'aaa7c15c-47ad-4ddc-8c03-a8f18f7b481c', 30)
GO
INSERT [dbo].[Mark] ([Id], [StudentId], [CategoryId], [Value]) VALUES (N'8c8ea7b4-de8e-4234-85a2-128d07e66469', N'4237cfdc-4dbd-4828-afb8-03a0b0e4ea4b', N'ab014eb1-881d-4d7e-acbe-ac3fa710260b', 31)
GO
INSERT [dbo].[Mark] ([Id], [StudentId], [CategoryId], [Value]) VALUES (N'8cfc706a-47b6-4c0d-acd5-62b93f8494e5', N'dcfd3691-b94d-4f02-b1b4-353ea69d85bd', N'bd122217-a9c7-4804-af96-9f588c196acb', 38)
GO
INSERT [dbo].[Mark] ([Id], [StudentId], [CategoryId], [Value]) VALUES (N'8d64a062-2aae-4a71-a91b-5b4d079bfbf6', N'773761d2-a9eb-442c-9a3f-f3278b72ccda', N'ab014eb1-881d-4d7e-acbe-ac3fa710260b', 29)
GO
INSERT [dbo].[Mark] ([Id], [StudentId], [CategoryId], [Value]) VALUES (N'8dd336dc-5ea6-4842-a13f-0e790524be74', N'18d2290e-ad93-43e4-bab3-01109a83b851', N'ab014eb1-881d-4d7e-acbe-ac3fa710260b', 31)
GO
INSERT [dbo].[Mark] ([Id], [StudentId], [CategoryId], [Value]) VALUES (N'8ddf5389-bf72-477d-bd3f-fc548213d649', N'4237cfdc-4dbd-4828-afb8-03a0b0e4ea4b', N'aaa7c15c-47ad-4ddc-8c03-a8f18f7b481c', 34)
GO
INSERT [dbo].[Mark] ([Id], [StudentId], [CategoryId], [Value]) VALUES (N'8e7026c3-c7b4-4284-b163-59fe0cef3480', N'e062abee-d99b-432b-b776-444a6240f4c1', N'165c96f1-5774-41d7-9a6d-754dddabe051', 25)
GO
INSERT [dbo].[Mark] ([Id], [StudentId], [CategoryId], [Value]) VALUES (N'8e7fc1e5-0c64-4974-bdca-15863218c918', N'61b6687a-3c71-493f-ac9f-48899d44f87f', N'bd122217-a9c7-4804-af96-9f588c196acb', 36)
GO
INSERT [dbo].[Mark] ([Id], [StudentId], [CategoryId], [Value]) VALUES (N'8ebb1b0c-16a9-406e-a005-cce4ce151f0d', N'9898d17b-5d49-4dd2-ae13-ef2e2bfb363b', N'aaa7c15c-47ad-4ddc-8c03-a8f18f7b481c', 38)
GO
INSERT [dbo].[Mark] ([Id], [StudentId], [CategoryId], [Value]) VALUES (N'8eee99b3-0746-424d-bcbb-c7c734658c35', N'95dba2b7-c906-4f34-adf2-0e4e1a6a3066', N'aaa7c15c-47ad-4ddc-8c03-a8f18f7b481c', 34)
GO
INSERT [dbo].[Mark] ([Id], [StudentId], [CategoryId], [Value]) VALUES (N'8ef4474e-5c7a-4db6-b457-2406c8bf63d0', N'10ef7c20-e0e1-4766-84b5-c0dbdea01c1a', N'aaa7c15c-47ad-4ddc-8c03-a8f18f7b481c', 38)
GO
INSERT [dbo].[Mark] ([Id], [StudentId], [CategoryId], [Value]) VALUES (N'8eff64c7-fa0a-41ae-bb9e-20caea652959', N'35c5bffc-adae-4427-ae02-8e5510b19bdc', N'bd122217-a9c7-4804-af96-9f588c196acb', 34)
GO
INSERT [dbo].[Mark] ([Id], [StudentId], [CategoryId], [Value]) VALUES (N'8f02d45f-9115-4395-be93-12a1032849dc', N'32b3c99f-9cdd-464f-b6af-91ec3c19be9f', N'028ac41d-ce0b-49e3-8ec7-3cd016e8f14b', 34)
GO
INSERT [dbo].[Mark] ([Id], [StudentId], [CategoryId], [Value]) VALUES (N'8fa1f48b-611f-4c7c-abc7-2a5d0ff5b7ef', N'aa498cc1-d89b-49b7-a476-ba598cd8a932', N'bd122217-a9c7-4804-af96-9f588c196acb', 32)
GO
INSERT [dbo].[Mark] ([Id], [StudentId], [CategoryId], [Value]) VALUES (N'8fd52a4a-d39e-4e72-92bf-28da664f434a', N'c0511510-0231-4fdc-a93e-20f8c235698d', N'028ac41d-ce0b-49e3-8ec7-3cd016e8f14b', 36)
GO
INSERT [dbo].[Mark] ([Id], [StudentId], [CategoryId], [Value]) VALUES (N'9076d479-e308-4ec1-a9da-c3c618abcb0b', N'e19319d9-4908-419e-ae05-6f09115dfa8a', N'028ac41d-ce0b-49e3-8ec7-3cd016e8f14b', 34)
GO
INSERT [dbo].[Mark] ([Id], [StudentId], [CategoryId], [Value]) VALUES (N'90c11714-f37b-4769-b003-36e0288a5713', N'b00c98c4-3848-4ad6-8ab4-7cd986d2412b', N'15082a29-69ac-46f0-a81c-0db95ae639bc', 19)
GO
INSERT [dbo].[Mark] ([Id], [StudentId], [CategoryId], [Value]) VALUES (N'91a8822b-3004-4844-8977-340bd59bac6e', N'8da14409-b911-4c41-9384-9126e18655c6', N'15082a29-69ac-46f0-a81c-0db95ae639bc', 35)
GO
INSERT [dbo].[Mark] ([Id], [StudentId], [CategoryId], [Value]) VALUES (N'91fcbec4-a184-40b7-9af6-342ae5436e14', N'4d1048df-7514-454c-8132-df3d1d330571', N'165c96f1-5774-41d7-9a6d-754dddabe051', 27)
GO
INSERT [dbo].[Mark] ([Id], [StudentId], [CategoryId], [Value]) VALUES (N'921348ff-ce53-4377-b6ba-c20d1f8c0e65', N'3b526554-d8f1-4c8b-8a1f-8057edcabd1c', N'028ac41d-ce0b-49e3-8ec7-3cd016e8f14b', 37)
GO
INSERT [dbo].[Mark] ([Id], [StudentId], [CategoryId], [Value]) VALUES (N'921425cb-2be8-4016-95c7-fa540a0545c6', N'18d2290e-ad93-43e4-bab3-01109a83b851', N'028ac41d-ce0b-49e3-8ec7-3cd016e8f14b', 23)
GO
INSERT [dbo].[Mark] ([Id], [StudentId], [CategoryId], [Value]) VALUES (N'9265d187-13af-4328-a80f-cea6a8f9f831', N'7b92b5fb-0fc7-486c-b7a6-9e475be031fe', N'15082a29-69ac-46f0-a81c-0db95ae639bc', 36)
GO
INSERT [dbo].[Mark] ([Id], [StudentId], [CategoryId], [Value]) VALUES (N'92ac6d92-f489-48f1-a3a2-1f867d65bc55', N'fd1764ba-bec8-4390-83f8-45dd0181fef7', N'bd122217-a9c7-4804-af96-9f588c196acb', 34)
GO
INSERT [dbo].[Mark] ([Id], [StudentId], [CategoryId], [Value]) VALUES (N'9362591d-0889-4afe-83a9-6eda2eba23f1', N'bfbf29df-df36-4673-886a-0f9256108c74', N'bd122217-a9c7-4804-af96-9f588c196acb', 35)
GO
INSERT [dbo].[Mark] ([Id], [StudentId], [CategoryId], [Value]) VALUES (N'93dfcfb6-697f-4f60-9b02-a8878a2a2e51', N'3b526554-d8f1-4c8b-8a1f-8057edcabd1c', N'15082a29-69ac-46f0-a81c-0db95ae639bc', 37)
GO
INSERT [dbo].[Mark] ([Id], [StudentId], [CategoryId], [Value]) VALUES (N'94150b10-9ad9-4e03-b277-69e7eaa31ea0', N'e623324f-55cf-4313-917a-405c27d6eeec', N'aaa7c15c-47ad-4ddc-8c03-a8f18f7b481c', 30)
GO
INSERT [dbo].[Mark] ([Id], [StudentId], [CategoryId], [Value]) VALUES (N'946bdf34-4313-46bf-b4d8-3ed6fe2e8ab2', N'32b3c99f-9cdd-464f-b6af-91ec3c19be9f', N'15082a29-69ac-46f0-a81c-0db95ae639bc', 36)
GO
INSERT [dbo].[Mark] ([Id], [StudentId], [CategoryId], [Value]) VALUES (N'9476b33b-b7c2-4a0a-a507-09ed9457afbf', N'2a1ef0e1-5397-4afd-9f51-dfba2acff9a5', N'15082a29-69ac-46f0-a81c-0db95ae639bc', 30)
GO
INSERT [dbo].[Mark] ([Id], [StudentId], [CategoryId], [Value]) VALUES (N'94ca8bf1-fef7-4dec-a93a-dde724ffb519', N'479ab0bc-6ce2-45cf-8cbd-908e7928e375', N'ab014eb1-881d-4d7e-acbe-ac3fa710260b', 35)
GO
INSERT [dbo].[Mark] ([Id], [StudentId], [CategoryId], [Value]) VALUES (N'94ee1114-50f1-4e22-82a2-238e94c7d53d', N'41efd5df-0ead-4123-b5c3-91c6df371f3b', N'165c96f1-5774-41d7-9a6d-754dddabe051', 31)
GO
INSERT [dbo].[Mark] ([Id], [StudentId], [CategoryId], [Value]) VALUES (N'95f763af-3f96-44f6-b7da-ee7c2975390d', N'e623324f-55cf-4313-917a-405c27d6eeec', N'165c96f1-5774-41d7-9a6d-754dddabe051', 27)
GO
INSERT [dbo].[Mark] ([Id], [StudentId], [CategoryId], [Value]) VALUES (N'965acc7d-2c3a-4622-acb5-9f31850dfb58', N'80d1a17d-9460-487e-9edb-1230db1db639', N'bd122217-a9c7-4804-af96-9f588c196acb', 35)
GO
INSERT [dbo].[Mark] ([Id], [StudentId], [CategoryId], [Value]) VALUES (N'97f58ee0-93ef-4031-8c66-a0bf1ba9f8db', N'cb2a4fdb-c2d9-4337-8ddd-b380b4fd7cc8', N'bd122217-a9c7-4804-af96-9f588c196acb', 40)
GO
INSERT [dbo].[Mark] ([Id], [StudentId], [CategoryId], [Value]) VALUES (N'98934bac-7bf1-4303-b99e-ac7b7b25a15d', N'2acfaf88-a293-495d-bd3e-c23d00fca6d7', N'165c96f1-5774-41d7-9a6d-754dddabe051', 33)
GO
INSERT [dbo].[Mark] ([Id], [StudentId], [CategoryId], [Value]) VALUES (N'99686893-445d-4fc5-9dac-95485e323906', N'070843fa-7186-44b6-87c7-1f8d6c44f87a', N'bd122217-a9c7-4804-af96-9f588c196acb', 30)
GO
INSERT [dbo].[Mark] ([Id], [StudentId], [CategoryId], [Value]) VALUES (N'998fa270-46c6-4140-a698-ff7bff234426', N'5a9fa324-d21c-4683-8500-2cade928215f', N'15082a29-69ac-46f0-a81c-0db95ae639bc', 23)
GO
INSERT [dbo].[Mark] ([Id], [StudentId], [CategoryId], [Value]) VALUES (N'99bce4f2-b7d7-4f0b-9ab7-432f77261096', N'ec8853e4-f6a4-45c4-98c5-4479e07e536b', N'165c96f1-5774-41d7-9a6d-754dddabe051', 31)
GO
INSERT [dbo].[Mark] ([Id], [StudentId], [CategoryId], [Value]) VALUES (N'9a8a7273-582e-4428-a9f0-45a3c5647594', N'bb42b149-d137-4c9d-a643-71801f69b8be', N'15082a29-69ac-46f0-a81c-0db95ae639bc', 32)
GO
INSERT [dbo].[Mark] ([Id], [StudentId], [CategoryId], [Value]) VALUES (N'9ad04ecb-985c-4171-9be7-9bd92a91f68c', N'3f25abb9-14c5-4a53-a6de-6b18fe741e43', N'aaa7c15c-47ad-4ddc-8c03-a8f18f7b481c', 36)
GO
INSERT [dbo].[Mark] ([Id], [StudentId], [CategoryId], [Value]) VALUES (N'9b352df5-8fab-46e2-97b4-63449385735e', N'dba02883-3384-4918-8e65-7deaaf4b0936', N'aaa7c15c-47ad-4ddc-8c03-a8f18f7b481c', 35)
GO
INSERT [dbo].[Mark] ([Id], [StudentId], [CategoryId], [Value]) VALUES (N'9b59ecb8-2cf4-4259-b59e-e18c0fecf80a', N'2eb6e1eb-f7cf-49ae-b233-380b4817111c', N'028ac41d-ce0b-49e3-8ec7-3cd016e8f14b', 33)
GO
INSERT [dbo].[Mark] ([Id], [StudentId], [CategoryId], [Value]) VALUES (N'9bc9e9f0-9e85-4a13-a477-40d439d392c9', N'b00c98c4-3848-4ad6-8ab4-7cd986d2412b', N'165c96f1-5774-41d7-9a6d-754dddabe051', 17)
GO
INSERT [dbo].[Mark] ([Id], [StudentId], [CategoryId], [Value]) VALUES (N'9c3f5737-16a3-46e8-9062-11d474f0f4d3', N'cdb35245-f982-4ee3-8faa-46da0b72c1c7', N'ab014eb1-881d-4d7e-acbe-ac3fa710260b', 33)
GO
INSERT [dbo].[Mark] ([Id], [StudentId], [CategoryId], [Value]) VALUES (N'9e633299-e1f5-4305-b319-49d3cf636f1a', N'bb42b149-d137-4c9d-a643-71801f69b8be', N'028ac41d-ce0b-49e3-8ec7-3cd016e8f14b', 34)
GO
INSERT [dbo].[Mark] ([Id], [StudentId], [CategoryId], [Value]) VALUES (N'9e7ea817-0bf8-40af-84bb-4c62a5fbc5ff', N'111c351a-fdfb-438a-96a2-8bfd1ce7200c', N'bd122217-a9c7-4804-af96-9f588c196acb', 30)
GO
INSERT [dbo].[Mark] ([Id], [StudentId], [CategoryId], [Value]) VALUES (N'9fd8f6ff-ccd9-4212-b717-98adef36764d', N'7b92b5fb-0fc7-486c-b7a6-9e475be031fe', N'aaa7c15c-47ad-4ddc-8c03-a8f18f7b481c', 36)
GO
INSERT [dbo].[Mark] ([Id], [StudentId], [CategoryId], [Value]) VALUES (N'a03151c4-1103-4c70-b31a-df94baf72291', N'aafa86e8-3c91-411a-b208-8381025c09ee', N'ab014eb1-881d-4d7e-acbe-ac3fa710260b', 25)
GO
INSERT [dbo].[Mark] ([Id], [StudentId], [CategoryId], [Value]) VALUES (N'a0f16fd1-5b85-4767-9fd9-f1141d2716cf', N'4dfaeca1-ed28-4f7e-930f-d4faa9a58262', N'ab014eb1-881d-4d7e-acbe-ac3fa710260b', 39)
GO
INSERT [dbo].[Mark] ([Id], [StudentId], [CategoryId], [Value]) VALUES (N'a1fc85ab-8996-4df2-89f8-d2551e7aa83e', N'b3de4797-e8ab-426c-99c1-bb15fa9fe771', N'bd122217-a9c7-4804-af96-9f588c196acb', 38)
GO
INSERT [dbo].[Mark] ([Id], [StudentId], [CategoryId], [Value]) VALUES (N'a20fcb31-aab2-4f1f-a2ea-399d2be1a40e', N'1a3bfb1c-127b-4e6a-8949-bb50a82d2d12', N'15082a29-69ac-46f0-a81c-0db95ae639bc', 37)
GO
INSERT [dbo].[Mark] ([Id], [StudentId], [CategoryId], [Value]) VALUES (N'a2734a19-2ebb-4232-92e8-44bef09301cf', N'f400bc35-e6b7-4b4f-a2d2-a5fe266f5244', N'aaa7c15c-47ad-4ddc-8c03-a8f18f7b481c', 31)
GO
INSERT [dbo].[Mark] ([Id], [StudentId], [CategoryId], [Value]) VALUES (N'a2e8d2ab-a5c2-4d6d-93d6-f60c23e16c04', N'a3f41b47-d6ac-4aec-90c2-5447287a77b7', N'165c96f1-5774-41d7-9a6d-754dddabe051', 27)
GO
INSERT [dbo].[Mark] ([Id], [StudentId], [CategoryId], [Value]) VALUES (N'a3833378-3fc9-4b82-99af-985fa20b3552', N'530e57bd-223c-48ff-aa60-ac54208c8810', N'aaa7c15c-47ad-4ddc-8c03-a8f18f7b481c', 25)
GO
INSERT [dbo].[Mark] ([Id], [StudentId], [CategoryId], [Value]) VALUES (N'a3b7e852-9475-4b82-8418-9cbd7e14e34b', N'dd6b810d-8baa-4326-a1d9-237aa90d56bd', N'165c96f1-5774-41d7-9a6d-754dddabe051', 21)
GO
INSERT [dbo].[Mark] ([Id], [StudentId], [CategoryId], [Value]) VALUES (N'a413ba0f-13b1-4f8a-a58f-6fb78284c2f3', N'cb2a4fdb-c2d9-4337-8ddd-b380b4fd7cc8', N'028ac41d-ce0b-49e3-8ec7-3cd016e8f14b', 33)
GO
INSERT [dbo].[Mark] ([Id], [StudentId], [CategoryId], [Value]) VALUES (N'a423301c-de5d-45bc-9982-5cefbb61f1e8', N'4dfaeca1-ed28-4f7e-930f-d4faa9a58262', N'bd122217-a9c7-4804-af96-9f588c196acb', 40)
GO
INSERT [dbo].[Mark] ([Id], [StudentId], [CategoryId], [Value]) VALUES (N'a4475854-6232-4cff-89bc-9f0336e58009', N'445b331b-c474-4833-8025-c70d397457a1', N'aaa7c15c-47ad-4ddc-8c03-a8f18f7b481c', 27)
GO
INSERT [dbo].[Mark] ([Id], [StudentId], [CategoryId], [Value]) VALUES (N'a5e05374-391f-44f9-bab1-281c91915fda', N'95dba2b7-c906-4f34-adf2-0e4e1a6a3066', N'15082a29-69ac-46f0-a81c-0db95ae639bc', 36)
GO
INSERT [dbo].[Mark] ([Id], [StudentId], [CategoryId], [Value]) VALUES (N'a6c24a85-c161-4e08-a981-fb86f2ecad0b', N'53c66c00-1f77-44fb-816d-97cfd4ad72c8', N'aaa7c15c-47ad-4ddc-8c03-a8f18f7b481c', 34)
GO
INSERT [dbo].[Mark] ([Id], [StudentId], [CategoryId], [Value]) VALUES (N'a71abb95-ceca-4031-a065-84a14893588b', N'd269b289-95fc-4853-8711-fc5ebd7f989e', N'165c96f1-5774-41d7-9a6d-754dddabe051', 26)
GO
INSERT [dbo].[Mark] ([Id], [StudentId], [CategoryId], [Value]) VALUES (N'a8626fcf-4e74-4937-a0d1-b13627f98655', N'1819c721-a67d-422a-bd92-9f646feb95d6', N'aaa7c15c-47ad-4ddc-8c03-a8f18f7b481c', 32)
GO
INSERT [dbo].[Mark] ([Id], [StudentId], [CategoryId], [Value]) VALUES (N'a8ecde1a-0cbf-4e6e-9d96-c2e254bd61c2', N'68618c02-76b9-474e-af4f-60f2906d47ad', N'165c96f1-5774-41d7-9a6d-754dddabe051', 14)
GO
INSERT [dbo].[Mark] ([Id], [StudentId], [CategoryId], [Value]) VALUES (N'a8eec620-d4ee-42e2-ab64-d34ade9e5a67', N'dba6f478-fd68-4291-be0e-373c207a3492', N'15082a29-69ac-46f0-a81c-0db95ae639bc', 31)
GO
INSERT [dbo].[Mark] ([Id], [StudentId], [CategoryId], [Value]) VALUES (N'a9902548-880f-4bfc-8394-8a0265d25f89', N'7954ff41-8fbe-4367-8975-002b4fb3787d', N'028ac41d-ce0b-49e3-8ec7-3cd016e8f14b', 25)
GO
INSERT [dbo].[Mark] ([Id], [StudentId], [CategoryId], [Value]) VALUES (N'a9955fba-d772-4897-9908-d5ada27b4a2e', N'30b87fbb-1d37-47f5-9a5b-9bf2ad07fd89', N'ab014eb1-881d-4d7e-acbe-ac3fa710260b', 26)
GO
INSERT [dbo].[Mark] ([Id], [StudentId], [CategoryId], [Value]) VALUES (N'aa576781-e3e8-43d1-9cad-56b2874fc398', N'35c5bffc-adae-4427-ae02-8e5510b19bdc', N'15082a29-69ac-46f0-a81c-0db95ae639bc', 35)
GO
INSERT [dbo].[Mark] ([Id], [StudentId], [CategoryId], [Value]) VALUES (N'aaed0739-bde7-41ce-89f2-286e1b97708b', N'479ab0bc-6ce2-45cf-8cbd-908e7928e375', N'15082a29-69ac-46f0-a81c-0db95ae639bc', 26)
GO
INSERT [dbo].[Mark] ([Id], [StudentId], [CategoryId], [Value]) VALUES (N'ab28a5d6-26ec-42f1-95d4-d05f8397dcb5', N'ac1776c9-b58d-4582-bb50-f9d585a324bd', N'165c96f1-5774-41d7-9a6d-754dddabe051', 24)
GO
INSERT [dbo].[Mark] ([Id], [StudentId], [CategoryId], [Value]) VALUES (N'abc12a0a-172a-4108-bcf4-32c1c30c8d56', N'297e2a3d-cc6a-497f-902e-20f45619bd65', N'ab014eb1-881d-4d7e-acbe-ac3fa710260b', 31)
GO
INSERT [dbo].[Mark] ([Id], [StudentId], [CategoryId], [Value]) VALUES (N'ac19d77f-f28b-4a27-b9be-2f2c5b233e29', N'aa498cc1-d89b-49b7-a476-ba598cd8a932', N'028ac41d-ce0b-49e3-8ec7-3cd016e8f14b', 29)
GO
INSERT [dbo].[Mark] ([Id], [StudentId], [CategoryId], [Value]) VALUES (N'ad794762-a0ab-4b01-ab1b-177416381236', N'075daf11-b8fb-4f9a-b3f5-2a29a56817c2', N'ab014eb1-881d-4d7e-acbe-ac3fa710260b', 31)
GO
INSERT [dbo].[Mark] ([Id], [StudentId], [CategoryId], [Value]) VALUES (N'adbefaa4-3c7f-485e-a146-bb264fe991c5', N'2a1ef0e1-5397-4afd-9f51-dfba2acff9a5', N'aaa7c15c-47ad-4ddc-8c03-a8f18f7b481c', 39)
GO
INSERT [dbo].[Mark] ([Id], [StudentId], [CategoryId], [Value]) VALUES (N'ae7f3b8d-5fcf-4fac-825f-3393e821ad6b', N'c632bf28-ac2c-422f-a0e3-c9e236214af6', N'aaa7c15c-47ad-4ddc-8c03-a8f18f7b481c', 37)
GO
INSERT [dbo].[Mark] ([Id], [StudentId], [CategoryId], [Value]) VALUES (N'aec9150e-cf5e-4674-8f82-6fbcb954653a', N'ac1776c9-b58d-4582-bb50-f9d585a324bd', N'aaa7c15c-47ad-4ddc-8c03-a8f18f7b481c', 32)
GO
INSERT [dbo].[Mark] ([Id], [StudentId], [CategoryId], [Value]) VALUES (N'aecfe63c-6410-4fea-92df-01bc06c74f5b', N'd269b289-95fc-4853-8711-fc5ebd7f989e', N'028ac41d-ce0b-49e3-8ec7-3cd016e8f14b', 32)
GO
INSERT [dbo].[Mark] ([Id], [StudentId], [CategoryId], [Value]) VALUES (N'af5f98b6-2b95-4271-9bc1-8ca072d00b6d', N'aafa86e8-3c91-411a-b208-8381025c09ee', N'15082a29-69ac-46f0-a81c-0db95ae639bc', 23)
GO
INSERT [dbo].[Mark] ([Id], [StudentId], [CategoryId], [Value]) VALUES (N'af881bef-8219-4878-81b3-f3940aac0101', N'cc375e8a-5e10-4a51-9e8a-9804465e3365', N'bd122217-a9c7-4804-af96-9f588c196acb', 40)
GO
INSERT [dbo].[Mark] ([Id], [StudentId], [CategoryId], [Value]) VALUES (N'af8c18ee-e59e-4d20-94a2-d0cf8eabcf4c', N'ec8853e4-f6a4-45c4-98c5-4479e07e536b', N'ab014eb1-881d-4d7e-acbe-ac3fa710260b', 19)
GO
INSERT [dbo].[Mark] ([Id], [StudentId], [CategoryId], [Value]) VALUES (N'afdafe67-6184-4204-aaaa-3dec69b8bee8', N'2eb6e1eb-f7cf-49ae-b233-380b4817111c', N'15082a29-69ac-46f0-a81c-0db95ae639bc', 35)
GO
INSERT [dbo].[Mark] ([Id], [StudentId], [CategoryId], [Value]) VALUES (N'afe4ba73-dc38-41e2-a4ae-dd034bb66357', N'aafa86e8-3c91-411a-b208-8381025c09ee', N'165c96f1-5774-41d7-9a6d-754dddabe051', 28)
GO
INSERT [dbo].[Mark] ([Id], [StudentId], [CategoryId], [Value]) VALUES (N'aff2e014-87a4-4ec3-aa8a-2a6563cf2f18', N'd46aaee3-3013-43e6-8165-75eb844dc407', N'028ac41d-ce0b-49e3-8ec7-3cd016e8f14b', 29)
GO
INSERT [dbo].[Mark] ([Id], [StudentId], [CategoryId], [Value]) VALUES (N'b06bdf5b-2ae3-47ee-9936-15b410a41aee', N'80d1a17d-9460-487e-9edb-1230db1db639', N'aaa7c15c-47ad-4ddc-8c03-a8f18f7b481c', 33)
GO
INSERT [dbo].[Mark] ([Id], [StudentId], [CategoryId], [Value]) VALUES (N'b0b97f96-f0b9-4dc3-993d-8a1e66ff0c38', N'5f66e625-f405-4d61-b2e7-2614c87ce27c', N'028ac41d-ce0b-49e3-8ec7-3cd016e8f14b', 31)
GO
INSERT [dbo].[Mark] ([Id], [StudentId], [CategoryId], [Value]) VALUES (N'b0e7b774-00e7-4679-91db-4e3efc7cd220', N'445b331b-c474-4833-8025-c70d397457a1', N'bd122217-a9c7-4804-af96-9f588c196acb', 31)
GO
INSERT [dbo].[Mark] ([Id], [StudentId], [CategoryId], [Value]) VALUES (N'b0f144cd-af13-48d8-b9ad-e6ff5aabd27b', N'fcd042ad-4725-454b-829c-8fa902716867', N'165c96f1-5774-41d7-9a6d-754dddabe051', 27)
GO
INSERT [dbo].[Mark] ([Id], [StudentId], [CategoryId], [Value]) VALUES (N'b19165f0-fc4e-4c83-92a5-13b21fc3ca79', N'8da14409-b911-4c41-9384-9126e18655c6', N'bd122217-a9c7-4804-af96-9f588c196acb', 34)
GO
INSERT [dbo].[Mark] ([Id], [StudentId], [CategoryId], [Value]) VALUES (N'b25b7b75-70da-456c-a901-09660f4e25ae', N'd269b289-95fc-4853-8711-fc5ebd7f989e', N'bd122217-a9c7-4804-af96-9f588c196acb', 37)
GO
INSERT [dbo].[Mark] ([Id], [StudentId], [CategoryId], [Value]) VALUES (N'b3248350-119f-4b7e-bd99-5210b3f239b1', N'36c2184f-d8b0-4282-8a7b-dc4dfd8367eb', N'15082a29-69ac-46f0-a81c-0db95ae639bc', 19)
GO
INSERT [dbo].[Mark] ([Id], [StudentId], [CategoryId], [Value]) VALUES (N'b329726c-5883-46a7-83b9-d2e356744554', N'070843fa-7186-44b6-87c7-1f8d6c44f87a', N'165c96f1-5774-41d7-9a6d-754dddabe051', 26)
GO
INSERT [dbo].[Mark] ([Id], [StudentId], [CategoryId], [Value]) VALUES (N'b395d055-4735-400e-ba28-a5978e85944b', N'ec8853e4-f6a4-45c4-98c5-4479e07e536b', N'aaa7c15c-47ad-4ddc-8c03-a8f18f7b481c', 32)
GO
INSERT [dbo].[Mark] ([Id], [StudentId], [CategoryId], [Value]) VALUES (N'b3ebc094-2636-4dff-88cd-aaee5d47c626', N'8a00e966-62d0-49d0-9925-1a1d73645422', N'bd122217-a9c7-4804-af96-9f588c196acb', 29)
GO
INSERT [dbo].[Mark] ([Id], [StudentId], [CategoryId], [Value]) VALUES (N'b41b5ec1-87f1-4055-88c6-745de2571654', N'ba16e195-f790-4199-9293-02de34d61e34', N'bd122217-a9c7-4804-af96-9f588c196acb', 37)
GO
INSERT [dbo].[Mark] ([Id], [StudentId], [CategoryId], [Value]) VALUES (N'b49c652b-9ef5-4f49-8f46-19e304ab0618', N'f400bc35-e6b7-4b4f-a2d2-a5fe266f5244', N'15082a29-69ac-46f0-a81c-0db95ae639bc', 23)
GO
INSERT [dbo].[Mark] ([Id], [StudentId], [CategoryId], [Value]) VALUES (N'b4dd7fae-7775-4810-be21-e95e564876f0', N'2a1ef0e1-5397-4afd-9f51-dfba2acff9a5', N'bd122217-a9c7-4804-af96-9f588c196acb', 39)
GO
INSERT [dbo].[Mark] ([Id], [StudentId], [CategoryId], [Value]) VALUES (N'b4fd20dc-9c78-45c9-8382-be62e5a95a63', N'36c2184f-d8b0-4282-8a7b-dc4dfd8367eb', N'aaa7c15c-47ad-4ddc-8c03-a8f18f7b481c', 31)
GO
INSERT [dbo].[Mark] ([Id], [StudentId], [CategoryId], [Value]) VALUES (N'b544e910-cf37-46b1-980a-460752b23b51', N'd46aaee3-3013-43e6-8165-75eb844dc407', N'bd122217-a9c7-4804-af96-9f588c196acb', 27)
GO
INSERT [dbo].[Mark] ([Id], [StudentId], [CategoryId], [Value]) VALUES (N'b65fbc06-1adf-4ff0-b946-0e8fcca0538e', N'a3f41b47-d6ac-4aec-90c2-5447287a77b7', N'aaa7c15c-47ad-4ddc-8c03-a8f18f7b481c', 32)
GO
INSERT [dbo].[Mark] ([Id], [StudentId], [CategoryId], [Value]) VALUES (N'b69fecdf-181d-4519-a9cb-5b69a1bf0ddb', N'47d23df1-87df-48f6-a7b7-55b55a09a5d8', N'aaa7c15c-47ad-4ddc-8c03-a8f18f7b481c', 17)
GO
INSERT [dbo].[Mark] ([Id], [StudentId], [CategoryId], [Value]) VALUES (N'b77ecc2f-c16e-4534-9dda-d684cee23adc', N'd269b289-95fc-4853-8711-fc5ebd7f989e', N'15082a29-69ac-46f0-a81c-0db95ae639bc', 36)
GO
INSERT [dbo].[Mark] ([Id], [StudentId], [CategoryId], [Value]) VALUES (N'b7839d9d-f7c5-45e4-8dd5-d64fc726953d', N'dbda5364-286b-4d97-b16a-680d3912021b', N'aaa7c15c-47ad-4ddc-8c03-a8f18f7b481c', 37)
GO
INSERT [dbo].[Mark] ([Id], [StudentId], [CategoryId], [Value]) VALUES (N'b803909f-8b36-4c0a-be29-64f203ba2072', N'dbda5364-286b-4d97-b16a-680d3912021b', N'ab014eb1-881d-4d7e-acbe-ac3fa710260b', 29)
GO
INSERT [dbo].[Mark] ([Id], [StudentId], [CategoryId], [Value]) VALUES (N'b803f2d0-8df8-4120-a48a-6093d7b5782b', N'76cc1340-4e46-41a6-8816-acab457ffc79', N'165c96f1-5774-41d7-9a6d-754dddabe051', 26)
GO
INSERT [dbo].[Mark] ([Id], [StudentId], [CategoryId], [Value]) VALUES (N'b8caa62b-4d29-4bfe-b84d-d33cebddb1b6', N'4237cfdc-4dbd-4828-afb8-03a0b0e4ea4b', N'028ac41d-ce0b-49e3-8ec7-3cd016e8f14b', 33)
GO
INSERT [dbo].[Mark] ([Id], [StudentId], [CategoryId], [Value]) VALUES (N'b9171ec3-17d9-4df5-ba52-3dbaff5ca3f4', N'68618c02-76b9-474e-af4f-60f2906d47ad', N'aaa7c15c-47ad-4ddc-8c03-a8f18f7b481c', 33)
GO
INSERT [dbo].[Mark] ([Id], [StudentId], [CategoryId], [Value]) VALUES (N'b9562270-5e1a-4005-81e1-693219853405', N'200f4fac-f242-4f9e-a947-263acdaca7c8', N'15082a29-69ac-46f0-a81c-0db95ae639bc', 22)
GO
INSERT [dbo].[Mark] ([Id], [StudentId], [CategoryId], [Value]) VALUES (N'b972081c-7977-411c-a346-b62fe44cb007', N'e623324f-55cf-4313-917a-405c27d6eeec', N'028ac41d-ce0b-49e3-8ec7-3cd016e8f14b', 29)
GO
INSERT [dbo].[Mark] ([Id], [StudentId], [CategoryId], [Value]) VALUES (N'b97d638a-6276-4c3e-8c1d-fa18f8677744', N'4feb2960-3bf1-4ff9-8b1b-1d270d79b095', N'ab014eb1-881d-4d7e-acbe-ac3fa710260b', 27)
GO
INSERT [dbo].[Mark] ([Id], [StudentId], [CategoryId], [Value]) VALUES (N'baf9299a-9d43-419e-84b3-9b8e73843100', N'fd1764ba-bec8-4390-83f8-45dd0181fef7', N'aaa7c15c-47ad-4ddc-8c03-a8f18f7b481c', 35)
GO
INSERT [dbo].[Mark] ([Id], [StudentId], [CategoryId], [Value]) VALUES (N'bb471fe8-01bc-439f-a220-da1f4ed8f595', N'19a213c4-0e91-42aa-a308-3caa2a609f60', N'15082a29-69ac-46f0-a81c-0db95ae639bc', 31)
GO
INSERT [dbo].[Mark] ([Id], [StudentId], [CategoryId], [Value]) VALUES (N'bc6d954d-20a0-4b95-9fc7-73e6562ea091', N'2acfaf88-a293-495d-bd3e-c23d00fca6d7', N'bd122217-a9c7-4804-af96-9f588c196acb', 31)
GO
INSERT [dbo].[Mark] ([Id], [StudentId], [CategoryId], [Value]) VALUES (N'bc92117d-7909-4b5e-bede-9fd48d4a2eac', N'e409e48d-fa17-4b14-b476-f3d986c29686', N'165c96f1-5774-41d7-9a6d-754dddabe051', 32)
GO
INSERT [dbo].[Mark] ([Id], [StudentId], [CategoryId], [Value]) VALUES (N'bd826bc5-93bf-4711-801c-c526e775d853', N'4dfaeca1-ed28-4f7e-930f-d4faa9a58262', N'165c96f1-5774-41d7-9a6d-754dddabe051', 38)
GO
INSERT [dbo].[Mark] ([Id], [StudentId], [CategoryId], [Value]) VALUES (N'be41a4c7-6c9d-4b1d-b65a-b0467a412a5d', N'291dc110-9ccb-4042-a54c-7b33170bee9c', N'ab014eb1-881d-4d7e-acbe-ac3fa710260b', 31)
GO
INSERT [dbo].[Mark] ([Id], [StudentId], [CategoryId], [Value]) VALUES (N'be47e58e-5b9d-4695-a412-cc921b6725bb', N'18d2290e-ad93-43e4-bab3-01109a83b851', N'165c96f1-5774-41d7-9a6d-754dddabe051', 31)
GO
INSERT [dbo].[Mark] ([Id], [StudentId], [CategoryId], [Value]) VALUES (N'bf3678bf-de45-42d4-93ad-a73dce101268', N'1a3bfb1c-127b-4e6a-8949-bb50a82d2d12', N'165c96f1-5774-41d7-9a6d-754dddabe051', 34)
GO
INSERT [dbo].[Mark] ([Id], [StudentId], [CategoryId], [Value]) VALUES (N'bf616c17-8378-4433-bdab-057e7bc14abf', N'd5dcaa3d-f0aa-40fa-a0ce-f77c113db2a9', N'bd122217-a9c7-4804-af96-9f588c196acb', 33)
GO
INSERT [dbo].[Mark] ([Id], [StudentId], [CategoryId], [Value]) VALUES (N'bf6bf9c6-f328-4ece-acc1-a2af1a286f79', N'95dba2b7-c906-4f34-adf2-0e4e1a6a3066', N'028ac41d-ce0b-49e3-8ec7-3cd016e8f14b', 31)
GO
INSERT [dbo].[Mark] ([Id], [StudentId], [CategoryId], [Value]) VALUES (N'c0045c42-6c80-4ba1-9a38-c97fd18c1e22', N'1819c721-a67d-422a-bd92-9f646feb95d6', N'bd122217-a9c7-4804-af96-9f588c196acb', 30)
GO
INSERT [dbo].[Mark] ([Id], [StudentId], [CategoryId], [Value]) VALUES (N'c0530322-d514-4025-9794-529320f667d9', N'10439d9f-a6de-4c15-b21b-7642131af695', N'aaa7c15c-47ad-4ddc-8c03-a8f18f7b481c', 30)
GO
INSERT [dbo].[Mark] ([Id], [StudentId], [CategoryId], [Value]) VALUES (N'c0c99067-1095-4da5-a9dc-c3bb974856dd', N'5f66e625-f405-4d61-b2e7-2614c87ce27c', N'aaa7c15c-47ad-4ddc-8c03-a8f18f7b481c', 32)
GO
INSERT [dbo].[Mark] ([Id], [StudentId], [CategoryId], [Value]) VALUES (N'c19c3e66-408a-48d7-b74a-2a77ab693125', N'e7d1def8-5f3f-4bfa-b961-cd57b4e24e03', N'15082a29-69ac-46f0-a81c-0db95ae639bc', 33)
GO
INSERT [dbo].[Mark] ([Id], [StudentId], [CategoryId], [Value]) VALUES (N'c22d3a9d-1bfd-4718-8567-a3d5baecc424', N'73110c8c-58b0-4f2c-b91b-fc5d08c43419', N'028ac41d-ce0b-49e3-8ec7-3cd016e8f14b', 29)
GO
INSERT [dbo].[Mark] ([Id], [StudentId], [CategoryId], [Value]) VALUES (N'c263198e-22b3-4dda-8e40-27cb8d061b55', N'8da14409-b911-4c41-9384-9126e18655c6', N'028ac41d-ce0b-49e3-8ec7-3cd016e8f14b', 29)
GO
INSERT [dbo].[Mark] ([Id], [StudentId], [CategoryId], [Value]) VALUES (N'c352fb81-8b44-4776-95f3-20f1bbb99bd3', N'c426ef79-b083-4212-b957-e92529fae91e', N'15082a29-69ac-46f0-a81c-0db95ae639bc', 34)
GO
INSERT [dbo].[Mark] ([Id], [StudentId], [CategoryId], [Value]) VALUES (N'c3fc172e-f957-4434-b1be-2fdf6ae2bfc4', N'4350320d-c9b4-4b68-ab25-7fdb53659f67', N'15082a29-69ac-46f0-a81c-0db95ae639bc', 33)
GO
INSERT [dbo].[Mark] ([Id], [StudentId], [CategoryId], [Value]) VALUES (N'c4245373-6309-42da-b057-048c1ee7fcac', N'36c2184f-d8b0-4282-8a7b-dc4dfd8367eb', N'028ac41d-ce0b-49e3-8ec7-3cd016e8f14b', 27)
GO
INSERT [dbo].[Mark] ([Id], [StudentId], [CategoryId], [Value]) VALUES (N'c42fcba3-c2d8-45f0-b57c-19251b6cb482', N'7e420888-c0e4-4abe-a1fb-13502a127533', N'bd122217-a9c7-4804-af96-9f588c196acb', 39)
GO
INSERT [dbo].[Mark] ([Id], [StudentId], [CategoryId], [Value]) VALUES (N'c455ee88-a9b8-41ab-ab94-7e3983f36f24', N'3b526554-d8f1-4c8b-8a1f-8057edcabd1c', N'ab014eb1-881d-4d7e-acbe-ac3fa710260b', 40)
GO
INSERT [dbo].[Mark] ([Id], [StudentId], [CategoryId], [Value]) VALUES (N'c4673f39-764a-4d41-a71c-0e683c24d7cb', N'ba16e195-f790-4199-9293-02de34d61e34', N'15082a29-69ac-46f0-a81c-0db95ae639bc', 39)
GO
INSERT [dbo].[Mark] ([Id], [StudentId], [CategoryId], [Value]) VALUES (N'c4da44d7-dbe3-446f-875f-cefe053c34b0', N'445b331b-c474-4833-8025-c70d397457a1', N'165c96f1-5774-41d7-9a6d-754dddabe051', 21)
GO
INSERT [dbo].[Mark] ([Id], [StudentId], [CategoryId], [Value]) VALUES (N'c50fd829-5ef5-4360-9824-3f31a7fb4973', N'5f66e625-f405-4d61-b2e7-2614c87ce27c', N'15082a29-69ac-46f0-a81c-0db95ae639bc', 30)
GO
INSERT [dbo].[Mark] ([Id], [StudentId], [CategoryId], [Value]) VALUES (N'c59fc257-5379-4c76-8d6e-2132c9ba92eb', N'479ab0bc-6ce2-45cf-8cbd-908e7928e375', N'bd122217-a9c7-4804-af96-9f588c196acb', 29)
GO
INSERT [dbo].[Mark] ([Id], [StudentId], [CategoryId], [Value]) VALUES (N'c5edfb9d-699a-4019-a4f5-ffa5ec32a9e1', N'b3de4797-e8ab-426c-99c1-bb15fa9fe771', N'ab014eb1-881d-4d7e-acbe-ac3fa710260b', 33)
GO
INSERT [dbo].[Mark] ([Id], [StudentId], [CategoryId], [Value]) VALUES (N'c601018c-be7a-4e85-8ec7-81962cfafe7f', N'e409e48d-fa17-4b14-b476-f3d986c29686', N'15082a29-69ac-46f0-a81c-0db95ae639bc', 34)
GO
INSERT [dbo].[Mark] ([Id], [StudentId], [CategoryId], [Value]) VALUES (N'c63054a1-60db-4c0e-80bb-2567cb8a70c4', N'f60dc6e0-3ea0-44c4-9e44-f386f6685026', N'165c96f1-5774-41d7-9a6d-754dddabe051', 37)
GO
INSERT [dbo].[Mark] ([Id], [StudentId], [CategoryId], [Value]) VALUES (N'c70f77cb-7db3-4f2c-94e5-8ae71fc84cb7', N'73110c8c-58b0-4f2c-b91b-fc5d08c43419', N'ab014eb1-881d-4d7e-acbe-ac3fa710260b', 9)
GO
INSERT [dbo].[Mark] ([Id], [StudentId], [CategoryId], [Value]) VALUES (N'c729101f-6382-418e-a666-4e6dd7ab2185', N'b3de4797-e8ab-426c-99c1-bb15fa9fe771', N'aaa7c15c-47ad-4ddc-8c03-a8f18f7b481c', 35)
GO
INSERT [dbo].[Mark] ([Id], [StudentId], [CategoryId], [Value]) VALUES (N'c72b0685-0d62-4254-baa9-aae7790fa238', N'075daf11-b8fb-4f9a-b3f5-2a29a56817c2', N'15082a29-69ac-46f0-a81c-0db95ae639bc', 39)
GO
INSERT [dbo].[Mark] ([Id], [StudentId], [CategoryId], [Value]) VALUES (N'c757a2cf-9dd9-4796-b942-24672c8875f5', N'10439d9f-a6de-4c15-b21b-7642131af695', N'ab014eb1-881d-4d7e-acbe-ac3fa710260b', 21)
GO
INSERT [dbo].[Mark] ([Id], [StudentId], [CategoryId], [Value]) VALUES (N'c7a0c2c2-8240-4a98-87a0-74fa1377bcc7', N'7cc9a5f5-20e3-4117-b988-cb4f200f8235', N'bd122217-a9c7-4804-af96-9f588c196acb', 31)
GO
INSERT [dbo].[Mark] ([Id], [StudentId], [CategoryId], [Value]) VALUES (N'c7a63d8d-34e0-4be3-8e67-dc221b2a1365', N'c0511510-0231-4fdc-a93e-20f8c235698d', N'bd122217-a9c7-4804-af96-9f588c196acb', 39)
GO
INSERT [dbo].[Mark] ([Id], [StudentId], [CategoryId], [Value]) VALUES (N'c7afff07-9ae4-45af-b0ea-74e6badf3cdd', N'291dc110-9ccb-4042-a54c-7b33170bee9c', N'15082a29-69ac-46f0-a81c-0db95ae639bc', 26)
GO
INSERT [dbo].[Mark] ([Id], [StudentId], [CategoryId], [Value]) VALUES (N'c8651c2b-3de6-4afd-ae61-bab331a2b28c', N'cdb35245-f982-4ee3-8faa-46da0b72c1c7', N'bd122217-a9c7-4804-af96-9f588c196acb', 0)
GO
INSERT [dbo].[Mark] ([Id], [StudentId], [CategoryId], [Value]) VALUES (N'c90702fe-889a-4bc5-a3f6-203ea875c42f', N'68618c02-76b9-474e-af4f-60f2906d47ad', N'bd122217-a9c7-4804-af96-9f588c196acb', 39)
GO
INSERT [dbo].[Mark] ([Id], [StudentId], [CategoryId], [Value]) VALUES (N'c97f9b8c-cf12-40a6-bfb3-18a63a530cb6', N'c0511510-0231-4fdc-a93e-20f8c235698d', N'15082a29-69ac-46f0-a81c-0db95ae639bc', 35)
GO
INSERT [dbo].[Mark] ([Id], [StudentId], [CategoryId], [Value]) VALUES (N'c99ea481-a4dd-4814-b546-935ee0afb9e9', N'552c4279-b317-4086-966e-ebc00d21ce1d', N'aaa7c15c-47ad-4ddc-8c03-a8f18f7b481c', 36)
GO
INSERT [dbo].[Mark] ([Id], [StudentId], [CategoryId], [Value]) VALUES (N'c9b2755c-b5b3-4931-b469-9de5c954f0f1', N'bfbf29df-df36-4673-886a-0f9256108c74', N'aaa7c15c-47ad-4ddc-8c03-a8f18f7b481c', 38)
GO
INSERT [dbo].[Mark] ([Id], [StudentId], [CategoryId], [Value]) VALUES (N'ca30d9bb-f68a-46bc-8353-64202769fd49', N'36c2184f-d8b0-4282-8a7b-dc4dfd8367eb', N'bd122217-a9c7-4804-af96-9f588c196acb', 17)
GO
INSERT [dbo].[Mark] ([Id], [StudentId], [CategoryId], [Value]) VALUES (N'ca3838fb-b887-4a32-a8d7-d51cd1b65f37', N'80d1a17d-9460-487e-9edb-1230db1db639', N'165c96f1-5774-41d7-9a6d-754dddabe051', 34)
GO
INSERT [dbo].[Mark] ([Id], [StudentId], [CategoryId], [Value]) VALUES (N'ca7f9135-e1a5-463d-874c-7acd608b1dd6', N'53c66c00-1f77-44fb-816d-97cfd4ad72c8', N'165c96f1-5774-41d7-9a6d-754dddabe051', 28)
GO
INSERT [dbo].[Mark] ([Id], [StudentId], [CategoryId], [Value]) VALUES (N'caa01418-5123-4822-a4a2-f0f98200e665', N'552c4279-b317-4086-966e-ebc00d21ce1d', N'bd122217-a9c7-4804-af96-9f588c196acb', 31)
GO
INSERT [dbo].[Mark] ([Id], [StudentId], [CategoryId], [Value]) VALUES (N'cb385b54-8a7c-44c7-ab4c-3ad13e957aac', N'8a00e966-62d0-49d0-9925-1a1d73645422', N'ab014eb1-881d-4d7e-acbe-ac3fa710260b', 30)
GO
INSERT [dbo].[Mark] ([Id], [StudentId], [CategoryId], [Value]) VALUES (N'cb83e808-69e7-4f75-84a2-4219226801b3', N'35c5bffc-adae-4427-ae02-8e5510b19bdc', N'ab014eb1-881d-4d7e-acbe-ac3fa710260b', 36)
GO
INSERT [dbo].[Mark] ([Id], [StudentId], [CategoryId], [Value]) VALUES (N'cbc87a35-eaed-4a82-b360-4ce011d828ae', N'265bfe11-ff46-46a7-9a82-ed801b5bf370', N'bd122217-a9c7-4804-af96-9f588c196acb', 39)
GO
INSERT [dbo].[Mark] ([Id], [StudentId], [CategoryId], [Value]) VALUES (N'cc4cc437-8633-4aa5-a331-59b352c77b27', N'aa498cc1-d89b-49b7-a476-ba598cd8a932', N'15082a29-69ac-46f0-a81c-0db95ae639bc', 31)
GO
INSERT [dbo].[Mark] ([Id], [StudentId], [CategoryId], [Value]) VALUES (N'cc9a3391-0642-4f83-96cb-510087157f1f', N'dcfd3691-b94d-4f02-b1b4-353ea69d85bd', N'15082a29-69ac-46f0-a81c-0db95ae639bc', 30)
GO
INSERT [dbo].[Mark] ([Id], [StudentId], [CategoryId], [Value]) VALUES (N'cd39e3fa-1c5f-4286-8f3b-107b53433e2c', N'dd6b810d-8baa-4326-a1d9-237aa90d56bd', N'028ac41d-ce0b-49e3-8ec7-3cd016e8f14b', 23)
GO
INSERT [dbo].[Mark] ([Id], [StudentId], [CategoryId], [Value]) VALUES (N'cda54ad6-be02-4907-bb45-de153e0e0ed8', N'2eb6e1eb-f7cf-49ae-b233-380b4817111c', N'aaa7c15c-47ad-4ddc-8c03-a8f18f7b481c', 38)
GO
INSERT [dbo].[Mark] ([Id], [StudentId], [CategoryId], [Value]) VALUES (N'cdbc6219-ed7d-432a-a090-d1d190645823', N'f6d02e73-9302-4cb2-915e-be5d6d40c63c', N'aaa7c15c-47ad-4ddc-8c03-a8f18f7b481c', 33)
GO
INSERT [dbo].[Mark] ([Id], [StudentId], [CategoryId], [Value]) VALUES (N'cf02d91a-3bab-4971-9a4b-9d6b188ab48e', N'e5bafe92-48ac-415d-8a13-eb40b1e9a7c7', N'165c96f1-5774-41d7-9a6d-754dddabe051', 27)
GO
INSERT [dbo].[Mark] ([Id], [StudentId], [CategoryId], [Value]) VALUES (N'd0bd4733-6688-4515-8d4c-cd8de900c3a8', N'103797e1-4e7d-40d2-b866-dc52bf12d0dc', N'bd122217-a9c7-4804-af96-9f588c196acb', 31)
GO
INSERT [dbo].[Mark] ([Id], [StudentId], [CategoryId], [Value]) VALUES (N'd0d23de4-3273-45ec-a729-461f55344a5b', N'ff07e6fa-293e-4867-b6cd-05d5b2c012d6', N'15082a29-69ac-46f0-a81c-0db95ae639bc', 35)
GO
INSERT [dbo].[Mark] ([Id], [StudentId], [CategoryId], [Value]) VALUES (N'd1130e50-cb99-4a90-9291-130babba94c7', N'2eb6e1eb-f7cf-49ae-b233-380b4817111c', N'ab014eb1-881d-4d7e-acbe-ac3fa710260b', 39)
GO
INSERT [dbo].[Mark] ([Id], [StudentId], [CategoryId], [Value]) VALUES (N'd16d62cb-52ac-4246-ad40-157edc7250c1', N'dba6f478-fd68-4291-be0e-373c207a3492', N'ab014eb1-881d-4d7e-acbe-ac3fa710260b', 23)
GO
INSERT [dbo].[Mark] ([Id], [StudentId], [CategoryId], [Value]) VALUES (N'd21aad45-c988-48fd-9b0f-b8bab8e9227c', N'7e420888-c0e4-4abe-a1fb-13502a127533', N'028ac41d-ce0b-49e3-8ec7-3cd016e8f14b', 34)
GO
INSERT [dbo].[Mark] ([Id], [StudentId], [CategoryId], [Value]) VALUES (N'd2e6725c-d283-40e7-9c44-24e52cda9f05', N'76cc1340-4e46-41a6-8816-acab457ffc79', N'ab014eb1-881d-4d7e-acbe-ac3fa710260b', 30)
GO
INSERT [dbo].[Mark] ([Id], [StudentId], [CategoryId], [Value]) VALUES (N'd3738334-bfe6-41c0-b98d-77e191e5e843', N'cc375e8a-5e10-4a51-9e8a-9804465e3365', N'028ac41d-ce0b-49e3-8ec7-3cd016e8f14b', 34)
GO
INSERT [dbo].[Mark] ([Id], [StudentId], [CategoryId], [Value]) VALUES (N'd37c9402-bb09-428f-8e2f-918d38e177f3', N'8a00e966-62d0-49d0-9925-1a1d73645422', N'028ac41d-ce0b-49e3-8ec7-3cd016e8f14b', 29)
GO
INSERT [dbo].[Mark] ([Id], [StudentId], [CategoryId], [Value]) VALUES (N'd40724b9-6fed-4fb7-a282-a05a68ebee8c', N'e5bafe92-48ac-415d-8a13-eb40b1e9a7c7', N'ab014eb1-881d-4d7e-acbe-ac3fa710260b', 25)
GO
INSERT [dbo].[Mark] ([Id], [StudentId], [CategoryId], [Value]) VALUES (N'd4bcbb14-a68d-4858-82d6-320d59f83ec1', N'6dd93e58-615a-4789-a639-36861a50b444', N'165c96f1-5774-41d7-9a6d-754dddabe051', 35)
GO
INSERT [dbo].[Mark] ([Id], [StudentId], [CategoryId], [Value]) VALUES (N'd5938706-3c9e-4090-be88-b22c35f90771', N'6c461831-c85b-4b3a-9e96-6d0eb22bf8ce', N'bd122217-a9c7-4804-af96-9f588c196acb', 39)
GO
INSERT [dbo].[Mark] ([Id], [StudentId], [CategoryId], [Value]) VALUES (N'd5d97e8e-2f0b-43e8-8f1d-51e6d3f09457', N'f6d02e73-9302-4cb2-915e-be5d6d40c63c', N'028ac41d-ce0b-49e3-8ec7-3cd016e8f14b', 33)
GO
INSERT [dbo].[Mark] ([Id], [StudentId], [CategoryId], [Value]) VALUES (N'd63585dc-dd37-474f-a6b4-0e2f4cad5399', N'7e420888-c0e4-4abe-a1fb-13502a127533', N'15082a29-69ac-46f0-a81c-0db95ae639bc', 34)
GO
INSERT [dbo].[Mark] ([Id], [StudentId], [CategoryId], [Value]) VALUES (N'd6d21f67-17af-48b1-b8a1-e7d2233f04a4', N'bfbf29df-df36-4673-886a-0f9256108c74', N'028ac41d-ce0b-49e3-8ec7-3cd016e8f14b', 29)
GO
INSERT [dbo].[Mark] ([Id], [StudentId], [CategoryId], [Value]) VALUES (N'd6d6f03b-ed20-4380-865f-611311d73034', N'200f4fac-f242-4f9e-a947-263acdaca7c8', N'ab014eb1-881d-4d7e-acbe-ac3fa710260b', 22)
GO
INSERT [dbo].[Mark] ([Id], [StudentId], [CategoryId], [Value]) VALUES (N'd6e47bcc-65b5-488d-ba6d-b1625d7445e7', N'dd6b810d-8baa-4326-a1d9-237aa90d56bd', N'aaa7c15c-47ad-4ddc-8c03-a8f18f7b481c', 10)
GO
INSERT [dbo].[Mark] ([Id], [StudentId], [CategoryId], [Value]) VALUES (N'd72e8c87-5294-4f2b-a2e2-d6b337ee12ff', N'fcd042ad-4725-454b-829c-8fa902716867', N'15082a29-69ac-46f0-a81c-0db95ae639bc', 37)
GO
INSERT [dbo].[Mark] ([Id], [StudentId], [CategoryId], [Value]) VALUES (N'd7497e4b-0f51-41b2-b7e8-15c91aaecf9d', N'47d23df1-87df-48f6-a7b7-55b55a09a5d8', N'ab014eb1-881d-4d7e-acbe-ac3fa710260b', 12)
GO
INSERT [dbo].[Mark] ([Id], [StudentId], [CategoryId], [Value]) VALUES (N'd776e75d-2cf5-4660-b842-c56f7a82a46d', N'297e2a3d-cc6a-497f-902e-20f45619bd65', N'028ac41d-ce0b-49e3-8ec7-3cd016e8f14b', 32)
GO
INSERT [dbo].[Mark] ([Id], [StudentId], [CategoryId], [Value]) VALUES (N'd7fb8d6e-7020-42ea-a3ad-3d197c371be0', N'e409e48d-fa17-4b14-b476-f3d986c29686', N'bd122217-a9c7-4804-af96-9f588c196acb', 27)
GO
INSERT [dbo].[Mark] ([Id], [StudentId], [CategoryId], [Value]) VALUES (N'd80453a7-818e-4db4-a770-34b8b34b5ac4', N'dbda5364-286b-4d97-b16a-680d3912021b', N'028ac41d-ce0b-49e3-8ec7-3cd016e8f14b', 30)
GO
INSERT [dbo].[Mark] ([Id], [StudentId], [CategoryId], [Value]) VALUES (N'd826c328-8d93-48b9-b819-9754af7da586', N'dba02883-3384-4918-8e65-7deaaf4b0936', N'ab014eb1-881d-4d7e-acbe-ac3fa710260b', 26)
GO
INSERT [dbo].[Mark] ([Id], [StudentId], [CategoryId], [Value]) VALUES (N'd872c883-ba48-461e-af13-d3474f6be758', N'47d23df1-87df-48f6-a7b7-55b55a09a5d8', N'028ac41d-ce0b-49e3-8ec7-3cd016e8f14b', 24)
GO
INSERT [dbo].[Mark] ([Id], [StudentId], [CategoryId], [Value]) VALUES (N'd8dd9210-7fca-4fd1-bd3c-351210557f11', N'09e04669-671c-4a38-a9a5-fe77e2bb13e9', N'aaa7c15c-47ad-4ddc-8c03-a8f18f7b481c', 31)
GO
INSERT [dbo].[Mark] ([Id], [StudentId], [CategoryId], [Value]) VALUES (N'da69844c-9041-4fdb-a470-41cc8a7eac32', N'dcfd3691-b94d-4f02-b1b4-353ea69d85bd', N'ab014eb1-881d-4d7e-acbe-ac3fa710260b', 33)
GO
INSERT [dbo].[Mark] ([Id], [StudentId], [CategoryId], [Value]) VALUES (N'dab45c77-515e-4a70-bb93-5198cf4cf2ea', N'e7d1def8-5f3f-4bfa-b961-cd57b4e24e03', N'ab014eb1-881d-4d7e-acbe-ac3fa710260b', 32)
GO
INSERT [dbo].[Mark] ([Id], [StudentId], [CategoryId], [Value]) VALUES (N'daf53544-d6b3-4f97-ae95-607078ae1013', N'ac1776c9-b58d-4582-bb50-f9d585a324bd', N'bd122217-a9c7-4804-af96-9f588c196acb', 34)
GO
INSERT [dbo].[Mark] ([Id], [StudentId], [CategoryId], [Value]) VALUES (N'dc5599fd-6024-40bc-bb89-6e6412d78871', N'cdb35245-f982-4ee3-8faa-46da0b72c1c7', N'15082a29-69ac-46f0-a81c-0db95ae639bc', 32)
GO
INSERT [dbo].[Mark] ([Id], [StudentId], [CategoryId], [Value]) VALUES (N'dc6f8e47-edd2-4dfd-859f-a7e4bfd49dc6', N'c426ef79-b083-4212-b957-e92529fae91e', N'bd122217-a9c7-4804-af96-9f588c196acb', 39)
GO
INSERT [dbo].[Mark] ([Id], [StudentId], [CategoryId], [Value]) VALUES (N'dcc369fa-77d0-4bb0-9ac9-90adb7f040c2', N'ec8853e4-f6a4-45c4-98c5-4479e07e536b', N'15082a29-69ac-46f0-a81c-0db95ae639bc', 30)
GO
INSERT [dbo].[Mark] ([Id], [StudentId], [CategoryId], [Value]) VALUES (N'ddf1f785-29e0-4894-89e4-47cf8cc62317', N'f6d02e73-9302-4cb2-915e-be5d6d40c63c', N'bd122217-a9c7-4804-af96-9f588c196acb', 36)
GO
INSERT [dbo].[Mark] ([Id], [StudentId], [CategoryId], [Value]) VALUES (N'de3f0d78-15d7-45c7-9324-d0209015e295', N'bfbf29df-df36-4673-886a-0f9256108c74', N'ab014eb1-881d-4d7e-acbe-ac3fa710260b', 33)
GO
INSERT [dbo].[Mark] ([Id], [StudentId], [CategoryId], [Value]) VALUES (N'decc31ab-4ff2-43a3-a7db-1993486b674e', N'4feb2960-3bf1-4ff9-8b1b-1d270d79b095', N'aaa7c15c-47ad-4ddc-8c03-a8f18f7b481c', 32)
GO
INSERT [dbo].[Mark] ([Id], [StudentId], [CategoryId], [Value]) VALUES (N'df772a6e-14a4-4deb-900f-658a9c6471e8', N'30b87fbb-1d37-47f5-9a5b-9bf2ad07fd89', N'bd122217-a9c7-4804-af96-9f588c196acb', 31)
GO
INSERT [dbo].[Mark] ([Id], [StudentId], [CategoryId], [Value]) VALUES (N'e0445ca6-9c43-4455-afe1-ad29d6d07c7b', N'18d2290e-ad93-43e4-bab3-01109a83b851', N'bd122217-a9c7-4804-af96-9f588c196acb', 18)
GO
INSERT [dbo].[Mark] ([Id], [StudentId], [CategoryId], [Value]) VALUES (N'e1da9d7c-92c8-4ef8-a441-1a46d84a1a30', N'b97445ae-974d-4d5c-a33e-62337f5d75f6', N'165c96f1-5774-41d7-9a6d-754dddabe051', 22)
GO
INSERT [dbo].[Mark] ([Id], [StudentId], [CategoryId], [Value]) VALUES (N'e1e8c1ed-0e7e-4cb3-aa7a-dc515c17fc43', N'3b526554-d8f1-4c8b-8a1f-8057edcabd1c', N'165c96f1-5774-41d7-9a6d-754dddabe051', 33)
GO
INSERT [dbo].[Mark] ([Id], [StudentId], [CategoryId], [Value]) VALUES (N'e383b293-d53c-4850-95d3-5afc36e26d2a', N'dbda5364-286b-4d97-b16a-680d3912021b', N'15082a29-69ac-46f0-a81c-0db95ae639bc', 34)
GO
INSERT [dbo].[Mark] ([Id], [StudentId], [CategoryId], [Value]) VALUES (N'e3b2b6e8-0d85-43a1-beca-346a1c91fecf', N'86c6a1d3-ecb2-45dd-a92b-f3e9caf04844', N'165c96f1-5774-41d7-9a6d-754dddabe051', 31)
GO
INSERT [dbo].[Mark] ([Id], [StudentId], [CategoryId], [Value]) VALUES (N'e4347c35-8a12-4bd9-998d-7e6a96678b54', N'36c2184f-d8b0-4282-8a7b-dc4dfd8367eb', N'ab014eb1-881d-4d7e-acbe-ac3fa710260b', 26)
GO
INSERT [dbo].[Mark] ([Id], [StudentId], [CategoryId], [Value]) VALUES (N'e51fc17b-06a7-405b-9dd2-e200f2f7c3f8', N'773761d2-a9eb-442c-9a3f-f3278b72ccda', N'165c96f1-5774-41d7-9a6d-754dddabe051', 21)
GO
INSERT [dbo].[Mark] ([Id], [StudentId], [CategoryId], [Value]) VALUES (N'e55ea8b6-c6ef-4500-a92b-c2d3d24c53a0', N'1819c721-a67d-422a-bd92-9f646feb95d6', N'028ac41d-ce0b-49e3-8ec7-3cd016e8f14b', 29)
GO
INSERT [dbo].[Mark] ([Id], [StudentId], [CategoryId], [Value]) VALUES (N'e5a6e5a3-9168-4e54-881e-3eccbf0063d0', N'b00c98c4-3848-4ad6-8ab4-7cd986d2412b', N'028ac41d-ce0b-49e3-8ec7-3cd016e8f14b', 20)
GO
INSERT [dbo].[Mark] ([Id], [StudentId], [CategoryId], [Value]) VALUES (N'e5f59e81-9dee-4c63-bdef-72057ad83e76', N'cdb35245-f982-4ee3-8faa-46da0b72c1c7', N'165c96f1-5774-41d7-9a6d-754dddabe051', 31)
GO
INSERT [dbo].[Mark] ([Id], [StudentId], [CategoryId], [Value]) VALUES (N'e608820e-fc86-4e5c-9827-bd17d89237da', N'b97445ae-974d-4d5c-a33e-62337f5d75f6', N'ab014eb1-881d-4d7e-acbe-ac3fa710260b', 30)
GO
INSERT [dbo].[Mark] ([Id], [StudentId], [CategoryId], [Value]) VALUES (N'e66496c5-325e-414a-8c70-adee8198abea', N'30b87fbb-1d37-47f5-9a5b-9bf2ad07fd89', N'165c96f1-5774-41d7-9a6d-754dddabe051', 27)
GO
INSERT [dbo].[Mark] ([Id], [StudentId], [CategoryId], [Value]) VALUES (N'e68e2bf0-0fc1-4058-9e57-37a695027174', N'6dd93e58-615a-4789-a639-36861a50b444', N'028ac41d-ce0b-49e3-8ec7-3cd016e8f14b', 30)
GO
INSERT [dbo].[Mark] ([Id], [StudentId], [CategoryId], [Value]) VALUES (N'e79189bc-a5b2-4800-a7ca-956e5c0cd842', N'f400bc35-e6b7-4b4f-a2d2-a5fe266f5244', N'165c96f1-5774-41d7-9a6d-754dddabe051', 29)
GO
INSERT [dbo].[Mark] ([Id], [StudentId], [CategoryId], [Value]) VALUES (N'e7ebb931-cb28-4f3b-8390-5705232e75ba', N'10439d9f-a6de-4c15-b21b-7642131af695', N'15082a29-69ac-46f0-a81c-0db95ae639bc', 32)
GO
INSERT [dbo].[Mark] ([Id], [StudentId], [CategoryId], [Value]) VALUES (N'e81fe05e-d04e-4f87-b053-ea9efe21a85b', N'9898d17b-5d49-4dd2-ae13-ef2e2bfb363b', N'165c96f1-5774-41d7-9a6d-754dddabe051', 36)
GO
INSERT [dbo].[Mark] ([Id], [StudentId], [CategoryId], [Value]) VALUES (N'e83f0c09-9dbb-45b8-a212-f2f9bf05707a', N'2acfaf88-a293-495d-bd3e-c23d00fca6d7', N'028ac41d-ce0b-49e3-8ec7-3cd016e8f14b', 29)
GO
INSERT [dbo].[Mark] ([Id], [StudentId], [CategoryId], [Value]) VALUES (N'e8aaf34a-c1f0-42e2-b354-1c20f1c18fa0', N'dcfd3691-b94d-4f02-b1b4-353ea69d85bd', N'165c96f1-5774-41d7-9a6d-754dddabe051', 34)
GO
INSERT [dbo].[Mark] ([Id], [StudentId], [CategoryId], [Value]) VALUES (N'e953e577-5cff-429b-a4f9-28b56ac8bcd4', N'e51d3ebd-b0ed-4e1f-8f66-5895b45446a9', N'bd122217-a9c7-4804-af96-9f588c196acb', 28)
GO
INSERT [dbo].[Mark] ([Id], [StudentId], [CategoryId], [Value]) VALUES (N'ea34246b-890d-416c-91d2-f2f83b031fec', N'ff07e6fa-293e-4867-b6cd-05d5b2c012d6', N'165c96f1-5774-41d7-9a6d-754dddabe051', 34)
GO
INSERT [dbo].[Mark] ([Id], [StudentId], [CategoryId], [Value]) VALUES (N'ea66003a-0a50-480e-aa9b-cbf8a5948681', N'5a9fa324-d21c-4683-8500-2cade928215f', N'028ac41d-ce0b-49e3-8ec7-3cd016e8f14b', 27)
GO
INSERT [dbo].[Mark] ([Id], [StudentId], [CategoryId], [Value]) VALUES (N'ebe2c3a9-ac9b-4478-9a49-a676f275b727', N'200f4fac-f242-4f9e-a947-263acdaca7c8', N'aaa7c15c-47ad-4ddc-8c03-a8f18f7b481c', 36)
GO
INSERT [dbo].[Mark] ([Id], [StudentId], [CategoryId], [Value]) VALUES (N'eca50c1c-61cb-4057-9ce6-7384f8aa247e', N'68618c02-76b9-474e-af4f-60f2906d47ad', N'15082a29-69ac-46f0-a81c-0db95ae639bc', 31)
GO
INSERT [dbo].[Mark] ([Id], [StudentId], [CategoryId], [Value]) VALUES (N'ed3a430c-3f2d-4fef-813f-6b5c3340678e', N'103797e1-4e7d-40d2-b866-dc52bf12d0dc', N'aaa7c15c-47ad-4ddc-8c03-a8f18f7b481c', 34)
GO
INSERT [dbo].[Mark] ([Id], [StudentId], [CategoryId], [Value]) VALUES (N'ed4e64cb-0f31-4b36-b0ec-f34a389bebe7', N'd46aaee3-3013-43e6-8165-75eb844dc407', N'165c96f1-5774-41d7-9a6d-754dddabe051', 20)
GO
INSERT [dbo].[Mark] ([Id], [StudentId], [CategoryId], [Value]) VALUES (N'eda13b9a-9b21-4166-8e72-66b1a79625c8', N'2acfaf88-a293-495d-bd3e-c23d00fca6d7', N'15082a29-69ac-46f0-a81c-0db95ae639bc', 28)
GO
INSERT [dbo].[Mark] ([Id], [StudentId], [CategoryId], [Value]) VALUES (N'ef4b3e74-6faa-462b-b261-6d4ae422335a', N'ac1776c9-b58d-4582-bb50-f9d585a324bd', N'028ac41d-ce0b-49e3-8ec7-3cd016e8f14b', 26)
GO
INSERT [dbo].[Mark] ([Id], [StudentId], [CategoryId], [Value]) VALUES (N'ef9f5425-bc09-4b7c-8b95-49745cb7bc43', N'4d1048df-7514-454c-8132-df3d1d330571', N'ab014eb1-881d-4d7e-acbe-ac3fa710260b', 34)
GO
INSERT [dbo].[Mark] ([Id], [StudentId], [CategoryId], [Value]) VALUES (N'efa32222-5e13-48f3-8724-3c9ddf54278a', N'e7d1def8-5f3f-4bfa-b961-cd57b4e24e03', N'aaa7c15c-47ad-4ddc-8c03-a8f18f7b481c', 31)
GO
INSERT [dbo].[Mark] ([Id], [StudentId], [CategoryId], [Value]) VALUES (N'efc1ba42-4cda-4ebc-b22e-a957207b3a24', N'fd1764ba-bec8-4390-83f8-45dd0181fef7', N'15082a29-69ac-46f0-a81c-0db95ae639bc', 29)
GO
INSERT [dbo].[Mark] ([Id], [StudentId], [CategoryId], [Value]) VALUES (N'efe5d6d2-735e-4c18-a86f-e4b55e092e23', N'ff07e6fa-293e-4867-b6cd-05d5b2c012d6', N'ab014eb1-881d-4d7e-acbe-ac3fa710260b', 34)
GO
INSERT [dbo].[Mark] ([Id], [StudentId], [CategoryId], [Value]) VALUES (N'eff22b00-cd35-43bf-95c8-e54140bb171d', N'aafa86e8-3c91-411a-b208-8381025c09ee', N'aaa7c15c-47ad-4ddc-8c03-a8f18f7b481c', 24)
GO
INSERT [dbo].[Mark] ([Id], [StudentId], [CategoryId], [Value]) VALUES (N'f0144d63-3768-4ba4-85be-6b93de05ed6b', N'e7d1def8-5f3f-4bfa-b961-cd57b4e24e03', N'bd122217-a9c7-4804-af96-9f588c196acb', 36)
GO
INSERT [dbo].[Mark] ([Id], [StudentId], [CategoryId], [Value]) VALUES (N'f063cee9-1dfe-4bfd-b4fd-3ac77aaa3172', N'4350320d-c9b4-4b68-ab25-7fdb53659f67', N'028ac41d-ce0b-49e3-8ec7-3cd016e8f14b', 27)
GO
INSERT [dbo].[Mark] ([Id], [StudentId], [CategoryId], [Value]) VALUES (N'f079d6ef-b31b-43a2-a6e8-b9fc0dfa5e94', N'7cc9a5f5-20e3-4117-b988-cb4f200f8235', N'165c96f1-5774-41d7-9a6d-754dddabe051', 27)
GO
INSERT [dbo].[Mark] ([Id], [StudentId], [CategoryId], [Value]) VALUES (N'f07f9877-310e-4b81-943f-8a90ce1c7315', N'0ed5c608-14f0-4fb0-b3e5-6932c951dd39', N'ab014eb1-881d-4d7e-acbe-ac3fa710260b', 27)
GO
INSERT [dbo].[Mark] ([Id], [StudentId], [CategoryId], [Value]) VALUES (N'f0814968-a1f0-4f72-9762-f54a1087e475', N'cc375e8a-5e10-4a51-9e8a-9804465e3365', N'aaa7c15c-47ad-4ddc-8c03-a8f18f7b481c', 29)
GO
INSERT [dbo].[Mark] ([Id], [StudentId], [CategoryId], [Value]) VALUES (N'f08374c6-3b16-4ae5-88c3-cb14a49535fd', N'4d1048df-7514-454c-8132-df3d1d330571', N'15082a29-69ac-46f0-a81c-0db95ae639bc', 34)
GO
INSERT [dbo].[Mark] ([Id], [StudentId], [CategoryId], [Value]) VALUES (N'f14685dd-4a55-4174-b6d1-f77f9a0d6089', N'aafa86e8-3c91-411a-b208-8381025c09ee', N'028ac41d-ce0b-49e3-8ec7-3cd016e8f14b', 22)
GO
INSERT [dbo].[Mark] ([Id], [StudentId], [CategoryId], [Value]) VALUES (N'f188b7d7-bc59-410c-be64-82b61056de0d', N'41efd5df-0ead-4123-b5c3-91c6df371f3b', N'15082a29-69ac-46f0-a81c-0db95ae639bc', 35)
GO
INSERT [dbo].[Mark] ([Id], [StudentId], [CategoryId], [Value]) VALUES (N'f1b618d6-4402-4dc7-8a8f-237c851085fe', N'f6d02e73-9302-4cb2-915e-be5d6d40c63c', N'ab014eb1-881d-4d7e-acbe-ac3fa710260b', 31)
GO
INSERT [dbo].[Mark] ([Id], [StudentId], [CategoryId], [Value]) VALUES (N'f1bc0928-49d2-46a7-a8fa-0aed396467c2', N'070843fa-7186-44b6-87c7-1f8d6c44f87a', N'028ac41d-ce0b-49e3-8ec7-3cd016e8f14b', 25)
GO
INSERT [dbo].[Mark] ([Id], [StudentId], [CategoryId], [Value]) VALUES (N'f1e0675c-4a57-4c18-91ea-b9a89dd08a5e', N'7954ff41-8fbe-4367-8975-002b4fb3787d', N'15082a29-69ac-46f0-a81c-0db95ae639bc', 33)
GO
INSERT [dbo].[Mark] ([Id], [StudentId], [CategoryId], [Value]) VALUES (N'f2099cc0-3148-42d6-86ef-329a455f08f8', N'1819c721-a67d-422a-bd92-9f646feb95d6', N'15082a29-69ac-46f0-a81c-0db95ae639bc', 23)
GO
INSERT [dbo].[Mark] ([Id], [StudentId], [CategoryId], [Value]) VALUES (N'f2175b19-e96f-430f-9a68-6f2b37b30c4d', N'4237cfdc-4dbd-4828-afb8-03a0b0e4ea4b', N'165c96f1-5774-41d7-9a6d-754dddabe051', 28)
GO
INSERT [dbo].[Mark] ([Id], [StudentId], [CategoryId], [Value]) VALUES (N'f29c3fbd-4feb-4dcf-96d2-4fa48f896e93', N'b3de4797-e8ab-426c-99c1-bb15fa9fe771', N'028ac41d-ce0b-49e3-8ec7-3cd016e8f14b', 34)
GO
INSERT [dbo].[Mark] ([Id], [StudentId], [CategoryId], [Value]) VALUES (N'f2d26cf1-2959-485f-bab2-e31f889ed312', N'265bfe11-ff46-46a7-9a82-ed801b5bf370', N'ab014eb1-881d-4d7e-acbe-ac3fa710260b', 37)
GO
INSERT [dbo].[Mark] ([Id], [StudentId], [CategoryId], [Value]) VALUES (N'f404c5d0-09dd-4443-a952-edf97f2a0d1d', N'531c6561-4092-4641-928e-06e2e9afdd56', N'165c96f1-5774-41d7-9a6d-754dddabe051', 32)
GO
INSERT [dbo].[Mark] ([Id], [StudentId], [CategoryId], [Value]) VALUES (N'f497c477-28e9-4b26-bd5b-332ffd4e4314', N'7b92b5fb-0fc7-486c-b7a6-9e475be031fe', N'bd122217-a9c7-4804-af96-9f588c196acb', 40)
GO
INSERT [dbo].[Mark] ([Id], [StudentId], [CategoryId], [Value]) VALUES (N'f5b79382-b19d-481f-b913-aea939e35b75', N'76cc1340-4e46-41a6-8816-acab457ffc79', N'aaa7c15c-47ad-4ddc-8c03-a8f18f7b481c', 39)
GO
INSERT [dbo].[Mark] ([Id], [StudentId], [CategoryId], [Value]) VALUES (N'f61199fa-c170-4aee-91b0-6f4b80aba13e', N'8da14409-b911-4c41-9384-9126e18655c6', N'ab014eb1-881d-4d7e-acbe-ac3fa710260b', 17)
GO
INSERT [dbo].[Mark] ([Id], [StudentId], [CategoryId], [Value]) VALUES (N'f6373087-a431-46ee-8600-b69d44610617', N'95dba2b7-c906-4f34-adf2-0e4e1a6a3066', N'165c96f1-5774-41d7-9a6d-754dddabe051', 26)
GO
INSERT [dbo].[Mark] ([Id], [StudentId], [CategoryId], [Value]) VALUES (N'f7028e9e-38f3-469b-9368-df6ed27df2f6', N'445b331b-c474-4833-8025-c70d397457a1', N'ab014eb1-881d-4d7e-acbe-ac3fa710260b', 29)
GO
INSERT [dbo].[Mark] ([Id], [StudentId], [CategoryId], [Value]) VALUES (N'f73d3735-2de9-4140-8cfd-4001d184b1fe', N'0c917932-28b6-45e0-87b9-e28b0120b696', N'165c96f1-5774-41d7-9a6d-754dddabe051', 13)
GO
INSERT [dbo].[Mark] ([Id], [StudentId], [CategoryId], [Value]) VALUES (N'f73eec7d-752f-4ef3-89cc-a8c25f3df11d', N'7cc9a5f5-20e3-4117-b988-cb4f200f8235', N'aaa7c15c-47ad-4ddc-8c03-a8f18f7b481c', 32)
GO
INSERT [dbo].[Mark] ([Id], [StudentId], [CategoryId], [Value]) VALUES (N'f8cbe309-8322-43fc-9466-04bd19c678a4', N'3f25abb9-14c5-4a53-a6de-6b18fe741e43', N'028ac41d-ce0b-49e3-8ec7-3cd016e8f14b', 29)
GO
INSERT [dbo].[Mark] ([Id], [StudentId], [CategoryId], [Value]) VALUES (N'f8f867b6-2e28-49f1-af91-0fe9ddb0829e', N'c426ef79-b083-4212-b957-e92529fae91e', N'ab014eb1-881d-4d7e-acbe-ac3fa710260b', 30)
GO
INSERT [dbo].[Mark] ([Id], [StudentId], [CategoryId], [Value]) VALUES (N'f92bb0bd-d2af-4a26-adf4-e90fdb6ec239', N'9898d17b-5d49-4dd2-ae13-ef2e2bfb363b', N'ab014eb1-881d-4d7e-acbe-ac3fa710260b', 35)
GO
INSERT [dbo].[Mark] ([Id], [StudentId], [CategoryId], [Value]) VALUES (N'f96a0783-39e5-4a98-adf2-c69206a8568e', N'e409e48d-fa17-4b14-b476-f3d986c29686', N'ab014eb1-881d-4d7e-acbe-ac3fa710260b', 35)
GO
INSERT [dbo].[Mark] ([Id], [StudentId], [CategoryId], [Value]) VALUES (N'f9795a8f-1db1-4d99-a8a0-7e5ac2fa87ab', N'c426ef79-b083-4212-b957-e92529fae91e', N'165c96f1-5774-41d7-9a6d-754dddabe051', 32)
GO
INSERT [dbo].[Mark] ([Id], [StudentId], [CategoryId], [Value]) VALUES (N'fa0e224f-d11f-48c6-91ed-d1406e2f3530', N'bb42b149-d137-4c9d-a643-71801f69b8be', N'165c96f1-5774-41d7-9a6d-754dddabe051', 29)
GO
INSERT [dbo].[Mark] ([Id], [StudentId], [CategoryId], [Value]) VALUES (N'fa4eab5b-b91f-4572-b9f4-eee199b9b333', N'd91a39c9-66fc-48db-bfd7-9a39967c75aa', N'165c96f1-5774-41d7-9a6d-754dddabe051', 28)
GO
INSERT [dbo].[Mark] ([Id], [StudentId], [CategoryId], [Value]) VALUES (N'fa4fcaed-369e-45bb-9263-32c307731c8c', N'291dc110-9ccb-4042-a54c-7b33170bee9c', N'028ac41d-ce0b-49e3-8ec7-3cd016e8f14b', 29)
GO
INSERT [dbo].[Mark] ([Id], [StudentId], [CategoryId], [Value]) VALUES (N'fa874490-a882-4762-acac-34d44680133a', N'075daf11-b8fb-4f9a-b3f5-2a29a56817c2', N'bd122217-a9c7-4804-af96-9f588c196acb', 38)
GO
INSERT [dbo].[Mark] ([Id], [StudentId], [CategoryId], [Value]) VALUES (N'fa9e85a1-5d15-4484-b828-36606ef500b2', N'dbda5364-286b-4d97-b16a-680d3912021b', N'bd122217-a9c7-4804-af96-9f588c196acb', 38)
GO
INSERT [dbo].[Mark] ([Id], [StudentId], [CategoryId], [Value]) VALUES (N'fae8fb58-57ff-4497-a7fe-3c64320afc24', N'7954ff41-8fbe-4367-8975-002b4fb3787d', N'165c96f1-5774-41d7-9a6d-754dddabe051', 34)
GO
INSERT [dbo].[Mark] ([Id], [StudentId], [CategoryId], [Value]) VALUES (N'faeef411-b96f-4c36-9b0c-cd4d0a38deb6', N'530e57bd-223c-48ff-aa60-ac54208c8810', N'ab014eb1-881d-4d7e-acbe-ac3fa710260b', 25)
GO
INSERT [dbo].[Mark] ([Id], [StudentId], [CategoryId], [Value]) VALUES (N'fb20131e-9150-49e5-8dfd-1260d7723ee3', N'103797e1-4e7d-40d2-b866-dc52bf12d0dc', N'ab014eb1-881d-4d7e-acbe-ac3fa710260b', 24)
GO
INSERT [dbo].[Mark] ([Id], [StudentId], [CategoryId], [Value]) VALUES (N'fbe449aa-77e9-41a0-bde4-ed0c440c5bc4', N'3b526554-d8f1-4c8b-8a1f-8057edcabd1c', N'bd122217-a9c7-4804-af96-9f588c196acb', 40)
GO
INSERT [dbo].[Mark] ([Id], [StudentId], [CategoryId], [Value]) VALUES (N'fc69b8e7-fc4b-4317-a03a-8fe8838a8cc6', N'aa498cc1-d89b-49b7-a476-ba598cd8a932', N'165c96f1-5774-41d7-9a6d-754dddabe051', 27)
GO
INSERT [dbo].[Mark] ([Id], [StudentId], [CategoryId], [Value]) VALUES (N'fdc63eea-9c6d-41e4-8841-ca98fdf08a6f', N'0c917932-28b6-45e0-87b9-e28b0120b696', N'15082a29-69ac-46f0-a81c-0db95ae639bc', 31)
GO
INSERT [dbo].[Mark] ([Id], [StudentId], [CategoryId], [Value]) VALUES (N'fe679bfe-abf6-445b-88ed-d311e8aa182d', N'6c461831-c85b-4b3a-9e96-6d0eb22bf8ce', N'15082a29-69ac-46f0-a81c-0db95ae639bc', 39)
GO
INSERT [dbo].[Mark] ([Id], [StudentId], [CategoryId], [Value]) VALUES (N'fe71a967-73c7-4da5-b688-b2e5ce132a81', N'32b3c99f-9cdd-464f-b6af-91ec3c19be9f', N'ab014eb1-881d-4d7e-acbe-ac3fa710260b', 39)
GO
INSERT [dbo].[Mark] ([Id], [StudentId], [CategoryId], [Value]) VALUES (N'fec0e227-a7b1-4230-9997-54e60cb8ff05', N'200f4fac-f242-4f9e-a947-263acdaca7c8', N'bd122217-a9c7-4804-af96-9f588c196acb', 35)
GO
INSERT [dbo].[Mark] ([Id], [StudentId], [CategoryId], [Value]) VALUES (N'fed57f19-377a-4a34-b0eb-68d86706b6a6', N'4d1048df-7514-454c-8132-df3d1d330571', N'bd122217-a9c7-4804-af96-9f588c196acb', 39)
GO
INSERT [dbo].[Mark] ([Id], [StudentId], [CategoryId], [Value]) VALUES (N'fee1729d-cc2d-47e7-ab4f-b5ca4f09cd4d', N'4350320d-c9b4-4b68-ab25-7fdb53659f67', N'aaa7c15c-47ad-4ddc-8c03-a8f18f7b481c', 26)
GO
INSERT [dbo].[Mark] ([Id], [StudentId], [CategoryId], [Value]) VALUES (N'ffb5eb55-f9c6-4a96-a045-b84bbe24c85c', N'6dd93e58-615a-4789-a639-36861a50b444', N'aaa7c15c-47ad-4ddc-8c03-a8f18f7b481c', 33)
GO

